entity,code,common_cutoff_date,excess_date,excess_deaths,excess_deaths_lower,excess_deaths_upper,confirmed_date,confirmed_covid_deaths,days_between_measurements,absolute_difference,excess_reported_ratio,reported_percent_of_excess,position_vs_excess_interval
India,IND,2023-11-18,2023-11-18,7580622.5,2612835,11154628,2023-11-12,533295,6,7047327.5,14.214688868262407,7.03497634923781,Reported below excess 95% interval
China,CHN,2023-11-18,2023-11-18,1821669.2,462647.12,5087517,2023-11-12,121873,6,1699796.2,14.947274621942514,6.69018282792507,Reported below excess 95% interval
Russia,RUS,2023-11-18,2023-11-18,1498802.2,1198864.1,1749516.4,2023-11-12,400334,6,1098468.2,3.743879360733787,26.7102623681764,Reported below excess 95% interval
United States,USA,2023-11-18,2023-11-18,1369039,1319228.2,1426191.8,2023-11-12,1144877,6,224162,1.1957957055648774,83.62632474312274,Reported below excess 95% interval
Indonesia,IDN,2023-11-18,2023-11-18,939342.06,436759.06,1764153.1,2023-11-12,161918,6,777424.06,5.801344260675157,17.237384217629945,Reported below excess 95% interval
Brazil,BRA,2023-11-18,2023-11-18,920270.9,903695.2,940843.06,2023-11-12,702116,6,218154.90000000002,1.3107106233158055,76.29449111125865,Reported below excess 95% interval
Pakistan,PAK,2023-11-18,2023-11-18,826458.75,397619.88,1363924.6,2023-11-12,30656,6,795802.75,26.959118932672233,3.7093200356339624,Reported below excess 95% interval
Mexico,MEX,2023-11-18,2023-11-18,652801.75,639093.44,677160.8,2023-11-12,334915,6,317886.75,1.9491565023961304,51.304243593096984,Reported below excess 95% interval
Nigeria,NGA,2023-11-18,2023-11-18,647407.8,9180.964,797024.5,2023-11-12,3155,6,644252.8,205.2005705229794,0.48732807976672504,Reported below excess 95% interval
Bangladesh,BGD,2023-11-18,2023-11-18,590035.2,301651.4,1301489,2023-11-12,29477,6,560558.2,20.01679953862333,4.995803640189602,Reported below excess 95% interval
Ethiopia,ETH,2023-11-18,2023-11-18,572549.75,83623.64,662449.44,2023-11-12,7574,6,564975.75,75.5941048323211,1.322854476838039,Reported below excess 95% interval
Democratic Republic of Congo,COD,2023-11-18,2023-11-18,378359,1411.5029,445883.1,2023-11-12,1468,6,376891,257.73773841961855,0.387991299268684,Reported within excess 95% interval
Egypt,EGY,2023-11-18,2023-11-18,360435.5,350550.8,392702.94,2023-11-12,24830,6,335605.5,14.516129681836489,6.888888580619834,Reported below excess 95% interval
Vietnam,VNM,2023-11-18,2023-11-18,301155.4,171550.44,568186.94,2023-11-12,43206,6,257949.40000000002,6.97022172846364,14.346745899293188,Reported below excess 95% interval
South Africa,ZAF,2023-11-18,2023-11-18,296222.88,287833.78,301740.94,2023-11-12,102595,6,193627.88,2.8873032798869342,34.6343942101974,Reported below excess 95% interval
Iran,IRN,2023-11-18,2023-11-18,291017.53,263649.8,339750.34,2023-11-12,146662,6,144355.53000000003,1.9842735677953391,50.396276815351975,Reported below excess 95% interval
Philippines,PHL,2023-11-18,2023-11-18,290208.1,273430.97,407899.34,2023-11-12,66736,6,223472.09999999998,4.348598957084632,22.995912243662396,Reported below excess 95% interval
Italy,ITA,2023-11-18,2023-11-18,288922.28,284908.7,296477.9,2023-11-12,192816,6,96106.28000000003,1.4984351921002408,66.73628631201443,Reported below excess 95% interval
Myanmar,MMR,2023-11-18,2023-11-18,274737.4,84469.86,287502.94,2023-11-12,19494,6,255243.40000000002,14.093433877090389,7.095502832886967,Reported below excess 95% interval
Germany,DEU,2023-11-18,2023-11-18,260040.92,257452.52,267515.62,2023-11-12,174979,6,85061.92000000001,1.4861264494596496,67.28902512727612,Reported below excess 95% interval
United Kingdom,GBR,2023-11-18,2023-11-18,253449.72,250556.9,256337.53,2023-11-12,232112,6,21337.72,1.091928551733646,91.58108361690043,Reported below excess 95% interval
Turkey,TUR,2023-11-18,2023-11-18,243649.02,211847.75,287113.28,2023-11-12,101419,6,142230.02,2.4024001419852294,41.62503916494308,Reported below excess 95% interval
Japan,JPN,2023-11-18,2023-11-18,239480.25,229431,258884.02,2023-11-12,74694,6,164786.25,3.2061510964736124,31.190045943245842,Reported below excess 95% interval
Ukraine,UKR,2023-11-18,2023-11-18,226694.19,202023.7,322479.1,2023-11-12,109918,6,116776.19,2.0623936934805944,48.487347646624734,Reported below excess 95% interval
Peru,PER,2023-11-18,2023-11-18,212548.9,201054.3,233351.86,2023-11-12,221540,6,-8991.100000000006,0.959415455448226,104.23013245422582,Reported within excess 95% interval
Colombia,COL,2023-11-18,2023-11-18,190509.83,181551.02,207049.22,2023-11-12,142727,6,47782.82999999999,1.334784798951845,74.91844384092937,Reported below excess 95% interval
Thailand,THA,2023-11-18,2023-11-18,187239.22,184906.52,191460.84,2023-11-12,34489,6,152750.22,5.428954739192206,18.41975201563006,Reported below excess 95% interval
Argentina,ARG,2023-11-18,2023-11-18,180223.69,148617.66,210154.44,2023-11-12,130671,6,49552.69,1.3792171943277391,72.50489655383262,Reported below excess 95% interval
Uganda,UGA,2023-11-18,2023-11-18,176493.03,28019.25,196062.22,2023-11-12,3632,6,172861.03,48.59389592511013,2.0578716337976632,Reported below excess 95% interval
Poland,POL,2023-11-18,2023-11-18,174966.38,173757.6,179263.05,2023-11-12,119721,6,55245.380000000005,1.4614510403354466,68.42514544794263,Reported below excess 95% interval
Spain,ESP,2023-11-18,2023-11-18,169427.45,167572.47,174145.97,2023-11-12,121852,6,47575.45000000001,1.3904363490135576,71.91986894685601,Reported below excess 95% interval
Tanzania,TZA,2023-11-18,2023-11-18,166299.14,17759.658,279912.47,2023-11-12,846,6,165453.14,196.57108747044919,0.5087218129931399,Reported below excess 95% interval
Kenya,KEN,2023-11-18,2023-11-18,164055.97,33151.43,249219.56,2023-11-12,5689,6,158366.97,28.837400246088944,3.4677189742013046,Reported below excess 95% interval
France,FRA,2023-11-18,2023-11-18,150434.03,147138.03,155642.44,2023-11-12,167985,6,-17550.97,0.8955206119594011,111.66688813694614,Reported above excess 95% interval
Sudan,SDN,2023-11-18,2023-11-18,142732.11,66027.36,269702.6,2023-11-12,5046,6,137686.11,28.28618906064209,3.5352941955387616,Reported below excess 95% interval
Iraq,IRQ,2023-11-18,2023-11-18,130640.04,73654.41,245838.56,2023-11-12,25375,6,105265.04,5.148375960591133,19.423600911328563,Reported below excess 95% interval
Mozambique,MOZ,2023-11-18,2023-11-18,129877.37,42753.023,143554.6,2023-11-12,2250,6,127627.37,57.72327555555555,1.7324034202417251,Reported below excess 95% interval
Afghanistan,AFG,2023-11-18,2023-11-18,125567.945,60398.734,197101.42,2023-11-12,7960,6,117607.945,15.774867462311558,6.339197475916325,Reported below excess 95% interval
Algeria,DZA,2023-11-18,2023-11-18,122408.17,44861.812,210394.47,2023-11-12,6881,6,115527.17,17.789299520418542,5.621356809761963,Reported below excess 95% interval
Nepal,NPL,2023-11-18,2023-11-18,121472.54,47949.355,195254.92,2023-11-12,12031,6,109441.54,10.096628709167982,9.90429606559639,Reported below excess 95% interval
Romania,ROU,2023-11-18,2023-11-18,113191.68,111519.6,120516.26,2023-11-12,68558,6,44633.67999999999,1.6510353277516847,60.568055885379565,Reported below excess 95% interval
Madagascar,MDG,2023-11-18,2023-11-18,102654.79,7179.8535,114296.18,2023-11-12,1425,6,101229.79,72.03844912280701,1.3881475964248722,Reported below excess 95% interval
Ecuador,ECU,2023-11-18,2023-11-18,84886.1,84082.95,85861.2,2023-11-12,36034,6,48852.100000000006,2.3557223733140926,42.44982394055092,Reported below excess 95% interval
South Korea,KOR,2023-11-18,2023-11-18,81497.19,74868.53,89568.88,2023-11-12,35934,6,45563.19,2.2679687760894973,44.09231778420826,Reported below excess 95% interval
Yemen,YEM,2023-11-18,2023-11-18,81368.555,17007.262,149865.5,2023-11-12,2159,6,79209.555,37.6880754979157,2.6533591508415015,Reported below excess 95% interval
Belarus,BLR,2023-11-18,2023-11-18,79458.89,48657.78,84550.28,2023-11-12,7118,6,72340.89,11.163092160719303,8.958091410539463,Reported below excess 95% interval
Kazakhstan,KAZ,2023-11-18,2023-11-18,78647.164,77344.09,81998.625,2023-11-12,19072,6,59575.164000000004,4.1236977768456375,24.250079761299464,Reported below excess 95% interval
Ghana,GHA,2023-11-18,2023-11-18,76315.34,4836.8457,120466.59,2023-11-12,1462,6,74853.34,52.19927496580027,1.9157354209520656,Reported below excess 95% interval
Zimbabwe,ZWE,2023-11-18,2023-11-18,72866.36,29943.922,79861.52,2023-11-12,5726,6,67140.36,12.725525672371639,7.85822154420778,Reported below excess 95% interval
Morocco,MAR,2023-11-18,2023-11-18,71743.46,28184.262,148998.03,2023-11-12,16297,6,55446.46000000001,4.40224949377186,22.71565937856914,Reported below excess 95% interval
Canada,CAN,2023-11-18,2023-11-18,71485.18,61084.92,76423.53,2023-11-12,53309,6,18176.179999999993,1.340958937515241,74.57349901056415,Reported below excess 95% interval
Angola,AGO,2023-11-18,2023-11-18,69635.13,5088.1587,138846.36,2023-11-12,1936,6,67699.13,35.96855888429752,2.7802059104362984,Reported below excess 95% interval
Bulgaria,BGR,2023-11-18,2023-11-18,68951.48,68470.484,70161.37,2023-11-12,38540,6,30411.479999999996,1.789088738972496,55.89437674144196,Reported below excess 95% interval
Venezuela,VEN,2023-11-18,2023-11-18,68582.33,15729.869,112057.21,2023-11-12,5856,6,62726.33,11.711463456284154,8.538642533725524,Reported below excess 95% interval
Malawi,MWI,2023-11-18,2023-11-18,65923.125,3597.6157,81479.9,2023-11-12,2686,6,63237.125,24.54323343261355,4.074442769513733,Reported below excess 95% interval
Chad,TCD,2023-11-18,2023-11-18,65740.03,-3431.5955,85021.04,2023-11-12,194,6,65546.03,338.8661340206186,0.29510178197363157,Reported within excess 95% interval
Chile,CHL,2023-11-18,2023-11-18,64327.984,62441.844,65809.766,2023-11-12,61896,6,2431.9839999999967,1.0392914566369393,96.21939963173726,Reported below excess 95% interval
Cambodia,KHM,2023-11-18,2023-11-18,64151.87,13384.04,74515.805,2023-11-12,3056,6,61095.87,20.992104057591625,4.76369589849836,Reported below excess 95% interval
Zambia,ZMB,2023-11-18,2023-11-18,63656.777,23137.252,93687.27,2023-11-12,4069,6,59587.777,15.644329565003687,6.392092392613594,Reported below excess 95% interval
Uzbekistan,UZB,2023-11-18,2023-11-18,63427.38,61469.355,67567,2023-11-12,1016,6,62411.38,62.428523622047244,1.6018318902656865,Reported below excess 95% interval
Niger,NER,2023-11-18,2023-11-18,63338.94,-248.62651,101631.53,2023-11-12,315,6,63023.94,201.076,0.49732439475621154,Reported within excess 95% interval
Cameroon,CMR,2023-11-18,2023-11-18,62433.145,14273.222,146890.98,2023-11-12,1974,6,60459.145,31.627733029381965,3.161782095071456,Reported below excess 95% interval
Bolivia,BOL,2023-11-18,2023-11-18,60906.46,58841.96,76373.45,2023-11-12,22385,6,38521.46,2.7208603975876704,36.75308005095026,Reported below excess 95% interval
Mali,MLI,2023-11-18,2023-11-18,60856.15,4680.0977,90918.695,2023-11-12,743,6,60113.15,81.90598923283984,1.2209119374130635,Reported below excess 95% interval
Cuba,CUB,2023-11-18,2023-11-18,60418.402,56261.516,66823.67,2023-11-12,8530,6,51888.402,7.083048300117233,14.11821517556853,Reported below excess 95% interval
Serbia,SRB,2023-11-18,2023-11-18,60347.273,59917.645,61924.77,2023-11-12,18057,6,42290.273,3.3420431411640914,29.921816019756186,Reported below excess 95% interval
Cote d'Ivoire,CIV,2023-11-18,2023-11-18,58742.867,-3006.339,93586.76,2023-11-12,835,6,57907.867,70.35073892215568,1.421449177821028,Reported within excess 95% interval
Netherlands,NLD,2023-11-18,2023-11-18,56855.02,56206.18,58092.062,2023-11-12,22986,6,33869.02,2.4734629774645436,40.429147681242576,Reported below excess 95% interval
Guatemala,GTM,2023-11-18,2023-11-18,56361.91,45486.188,64751.6,2023-11-12,20201,6,36160.91,2.7900554427998614,35.84158166392871,Reported below excess 95% interval
Somalia,SOM,2023-11-18,2023-11-18,55925.586,5090.4414,94838.11,2023-11-12,1361,6,54564.586,41.091540044085235,2.4335909506607583,Reported below excess 95% interval
Burkina Faso,BFA,2023-11-18,2023-11-18,51712.62,-5520.1353,100100.84,2023-11-12,396,6,51316.62,130.58742424242425,0.7657705217797899,Reported within excess 95% interval
Hungary,HUN,2023-11-18,2023-11-18,49026.727,48552.28,50444.26,2023-11-12,48854,6,172.72699999999895,1.0035355753878905,99.64768808654104,Reported within excess 95% interval
Czechia,CZE,2023-11-18,2023-11-18,46749.332,46310.117,48386.42,2023-11-12,42983,6,3766.332000000002,1.087623758229998,91.94355974968796,Reported below excess 95% interval
Malaysia,MYS,2023-11-18,2023-11-18,43601.39,37621.402,48629.8,2023-11-12,37191,6,6410.389999999999,1.1723640127987953,85.29773936106166,Reported below excess 95% interval
Greece,GRC,2023-11-18,2023-11-18,40407.168,39772.496,41295.297,2023-11-12,37987,6,2420.167999999998,1.0637104272514282,94.01054783151346,Reported below excess 95% interval
Portugal,PRT,2023-11-18,2023-11-18,39500.984,38955.902,40622.42,2023-11-12,27738,6,11762.983999999997,1.4240746989689235,70.221035506356,Reported below excess 95% interval
Azerbaijan,AZE,2023-11-18,2023-11-18,37092.543,23921.473,59184.918,2023-11-12,10353,6,26739.542999999998,3.5827820921472036,27.911270467489924,Reported below excess 95% interval
Senegal,SEN,2023-11-18,2023-11-18,36453.227,2857.2454,58526.38,2023-11-12,1971,6,34482.227,18.49478792491121,5.406928719918267,Reported below excess 95% interval
Rwanda,RWA,2023-11-18,2023-11-18,36326.36,8926.675,63815.02,2023-11-12,1468,6,34858.36,24.745476839237057,4.041142575253892,Reported below excess 95% interval
Syria,SYR,2023-11-18,2023-11-18,35500.117,-3769.2356,62880.28,2023-11-12,3163,6,32337.117,11.2235589630098,8.909829790138438,Reported within excess 95% interval
Belgium,BEL,2023-11-18,2023-11-18,33756.812,33338.746,35027.74,2023-11-12,34339,6,-582.1880000000019,0.9830458662162556,101.72465338255283,Reported within excess 95% interval
Australia,AUS,2023-11-18,2023-11-18,33198.13,30189.143,37255.08,2023-11-12,23500,6,9698.129999999997,1.4126863829787233,70.7871196359554,Reported below excess 95% interval
Slovakia,SVK,2023-11-18,2023-11-18,31328.236,30992.74,32066.871,2023-11-12,21174,6,10154.236,1.479561537734958,67.5875909514982,Reported below excess 95% interval
Sri Lanka,LKA,2023-11-18,2023-11-18,31180.12,13643.8,81555.35,2023-11-12,16885,6,14295.119999999999,1.846616523541605,54.15309498488139,Reported within excess 95% interval
South Sudan,SSD,2023-11-18,2023-11-18,30454.791,4157.346,45790.195,2023-11-12,147,6,30307.791,207.17544897959183,0.48268267544505555,Reported below excess 95% interval
Tunisia,TUN,2023-11-18,2023-11-18,29821.621,21637.97,51527.46,2023-11-12,29423,6,398.6209999999992,1.0135479386874213,98.66331545156449,Reported within excess 95% interval
Honduras,HND,2023-11-18,2023-11-18,29598.836,15633.979,48088.324,2023-11-12,11114,6,18484.836,2.6632028072701095,37.54877387745923,Reported below excess 95% interval
Austria,AUT,2023-11-18,2023-11-18,29060.676,28606.098,29755.826,2023-11-12,22534,6,6526.6759999999995,1.289636815478832,77.54121067245649,Reported below excess 95% interval
El Salvador,SLV,2023-11-18,2023-11-18,28303.635,11258.294,31660.77,2023-11-12,4230,6,24073.635,6.691166666666667,14.945076842603433,Reported below excess 95% interval
Libya,LBY,2023-11-18,2023-11-18,28288.21,16391.904,48544.164,2023-11-12,6437,6,21851.21,4.394626378747864,22.755062974999127,Reported below excess 95% interval
Lithuania,LTU,2023-11-18,2023-11-18,27409.686,27159.75,27954.473,2023-11-12,9750,6,17659.686,2.811249846153846,35.57136699778319,Reported below excess 95% interval
Croatia,HRV,2023-11-18,2023-11-18,27032.13,26806.893,27448.303,2023-11-12,18446,6,8586.130000000001,1.4654738154613467,68.23731611234483,Reported below excess 95% interval
Bosnia and Herzegovina,BIH,2023-11-18,2023-11-18,25548.021,25227.342,26317.732,2023-11-12,16364,6,9184.021,1.561233255927646,64.0519279360229,Reported below excess 95% interval
Papua New Guinea,PNG,2023-11-18,2023-11-18,25508.357,-5173.487,41569.926,2023-11-12,670,6,24838.357,38.072174626865674,2.626590179837925,Reported within excess 95% interval
Paraguay,PRY,2023-11-18,2023-11-18,25228.89,24675.02,26705.562,2023-11-12,19931,6,5297.889999999999,1.265811549846972,79.0007011802739,Reported below excess 95% interval
Saudi Arabia,SAU,2023-11-18,2023-11-18,24987.938,14268.275,98782.375,2023-11-12,9646,6,15341.937999999998,2.590497408252125,38.60262499450735,Reported below excess 95% interval
Georgia,GEO,2023-11-18,2023-11-18,24527.752,24158.896,26010.867,2023-11-12,17132,6,7395.752,1.4316922717721223,69.84741202536621,Reported below excess 95% interval
Nicaragua,NIC,2023-11-18,2023-11-18,23595.463,14384.346,30639.143,2023-11-12,245,6,23350.463,96.30801224489795,1.0383352087644986,Reported below excess 95% interval
Laos,LAO,2023-11-18,2023-11-18,23409.91,11279.023,43857.523,2023-11-12,671,6,22738.91,34.888092399403874,2.866307474056927,Reported below excess 95% interval
Benin,BEN,2023-11-18,2023-11-18,23132.209,-2493.509,60255.867,2023-11-12,163,6,22969.209,141.9153926380368,0.7046451983898295,Reported within excess 95% interval
Switzerland,CHE,2023-11-18,2023-11-18,22707.557,22497.152,23655.227,2023-11-12,14096,6,8611.557,1.6109220346197504,62.076250650829586,Reported below excess 95% interval
Haiti,HTI,2023-11-18,2023-11-18,21251.96,1160.4194,46461.215,2023-11-12,860,6,20391.96,24.711581395348837,4.046685576295081,Reported below excess 95% interval
Togo,TGO,2023-11-18,2023-11-18,20470.287,-243.60272,36505.715,2023-11-12,290,6,20180.287,70.58719655172413,1.4166875139562038,Reported within excess 95% interval
Sweden,SWE,2023-11-18,2023-11-18,20211.719,19933.592,21502.84,2023-11-12,25286,6,-5074.280999999999,0.7993244878588943,125.10563797171334,Reported above excess 95% interval
Burundi,BDI,2023-11-18,2023-11-18,19826.957,-3184.2427,53228.49,2023-11-12,15,6,19811.957,1321.7971333333332,0.07565457472873927,Reported within excess 95% interval
Tajikistan,TJK,2023-11-18,2023-11-18,19810.904,13514.8,34347.668,2023-11-12,125,6,19685.904,158.48723199999998,0.6309656540660639,Reported below excess 95% interval
Guinea,GIN,2023-11-18,2023-11-18,19447.97,-4504.007,54026.605,2023-11-12,468,6,18979.97,41.555491452991454,2.4064208243842415,Reported within excess 95% interval
Moldova,MDA,2023-11-18,2023-11-18,19029.746,18243.424,21327.783,2023-11-12,12154,6,6875.745999999999,1.5657187757116997,63.86842998324833,Reported below excess 95% interval
Lebanon,LBN,2023-11-18,2023-11-18,18813.475,14962.287,22898.58,2023-11-12,10947,6,7866.4749999999985,1.7185964191102583,58.187017549921,Reported below excess 95% interval
Puerto Rico,PRI,2023-11-18,2023-11-18,17858.902,3692.39,24263.969,2023-11-12,5938,6,11920.901999999998,3.007561805321657,33.24952452284021,Reported within excess 95% interval
North Macedonia,MKD,2023-11-18,2023-11-18,17391.137,17227.914,17790.11,2023-11-12,9960,6,7431.136999999999,1.7460980923694778,57.27055108587783,Reported below excess 95% interval
Albania,ALB,2023-11-18,2023-11-18,16000.287,15365.758,17339.898,2023-11-12,3604,6,12396.287,4.43959128745838,22.524595965059877,Reported below excess 95% interval
Finland,FIN,2023-11-18,2023-11-18,15972.805,15737.43,16492.959,2023-11-12,11219,6,4753.805,1.4237280506283982,70.23813287647349,Reported below excess 95% interval
Jordan,JOR,2023-11-18,2023-11-18,14932.913,12697.946,19535.283,2023-11-12,14122,6,810.9130000000005,1.0574219657272341,94.5696261673794,Reported within excess 95% interval
Israel,ISR,2023-11-18,2023-11-18,14865.506,14068.644,15776.394,2023-11-12,12707,6,2158.5059999999994,1.169867474620288,85.47976772536367,Reported below excess 95% interval
Congo,COG,2023-11-18,2023-11-18,13386.141,-819.0918,30758.086,2023-11-12,389,6,12997.141,34.4116735218509,2.9059906062546332,Reported within excess 95% interval
Kyrgyzstan,KGZ,2023-11-18,2023-11-18,12582.1045,11567.265,14010.452,2023-11-12,1024,6,11558.1045,12.28721142578125,8.138543118919415,Reported below excess 95% interval
Armenia,ARM,2023-11-18,2023-11-18,12291.205,11041.691,18424.51,2023-11-12,8769,6,3522.205,1.4016655262857793,71.3436965700271,Reported below excess 95% interval
Latvia,LVA,2023-11-18,2023-11-18,10808.713,10664.27,11131.958,2023-11-12,7430,6,3378.7129999999997,1.4547393001345894,68.74083898795352,Reported below excess 95% interval
Ireland,IRL,2023-11-18,2023-11-18,10443.477,10313.766,11032.295,2023-11-12,9340,6,1103.4770000000008,1.1181452890792292,89.4338159599528,Reported below excess 95% interval
Panama,PAN,2023-11-18,2023-11-18,10042.727,5824.124,12949.196,2023-11-12,8651,6,1391.7270000000008,1.160874696566871,86.14194132729088,Reported within excess 95% interval
Norway,NOR,2023-11-18,2023-11-18,9742.008,9547.927,10029.2,2023-11-12,5732,6,4010.008,1.6995826936496858,58.83797262330312,Reported below excess 95% interval
Namibia,NAM,2023-11-18,2023-11-18,9399.463,6720.6514,18068,2023-11-12,4100,6,5299.463,2.292551951219512,43.6195131572942,Reported below excess 95% interval
Central African Republic,CAF,2023-11-18,2023-11-18,9363.356,-625.66113,18830.75,2023-11-12,113,6,9250.356,82.86155752212389,1.2068322511714817,Reported within excess 95% interval
Costa Rica,CRI,2023-11-18,2023-11-18,9298.89,6042.01,11307.115,2023-11-12,9368,6,-69.11000000000058,0.9926227583262168,100.74320698491971,Reported within excess 95% interval
Sierra Leone,SLE,2023-11-18,2023-11-18,8603.074,-4021.366,32317.104,2023-11-12,125,6,8478.074,68.82459200000001,1.452969020143265,Reported within excess 95% interval
Jamaica,JAM,2023-11-18,2023-11-18,8272.3955,6139.35,9583.668,2023-11-12,3590,6,4682.3955000000005,2.3042884401114208,43.39734481988923,Reported below excess 95% interval
Mauritania,MRT,2023-11-18,2023-11-18,8228.772,3142.481,20358.13,2023-11-12,997,6,7231.772000000001,8.2535325977933809,12.116024116356607,Reported below excess 95% interval
United Arab Emirates,ARE,2023-11-18,2023-11-18,8224.418,5434.149,27473.451,2023-11-12,2349,6,5875.418,3.5012422307364837,28.561291510232092,Reported below excess 95% interval
Liberia,LBR,2023-11-18,2023-11-18,8110.73,-1797.4768,20454.506,2023-11-12,294,6,7816.73,27.58751700680272,3.62482785150042,Reported within excess 95% interval
Botswana,BWA,2023-11-18,2023-11-18,8038.893,6703.1465,16899.598,2023-11-12,2800,6,5238.893,2.8710332142857142,34.83066636164955,Reported below excess 95% interval
Uruguay,URY,2023-11-18,2023-11-18,7841.5693,7235.5303,8621.689,2023-11-12,7656,6,185.5693000000001,1.0242384143155696,97.63351833159211,Reported within excess 95% interval
Denmark,DNK,2023-11-18,2023-11-18,7840.635,7604.609,8035.11,2023-11-12,8918,6,-1077.3649999999998,0.8791920834267773,113.74078757651644,Reported above excess 95% interval
Singapore,SGP,2023-11-18,2023-11-18,7650.0083,6606.8535,9173.476,2023-11-12,1933,6,5717.0083,3.9575831867563376,25.26794644131301,Reported below excess 95% interval
Kuwait,KWT,2023-11-18,2023-11-18,7484.431,6348.679,9048.628,2023-11-12,2570,6,4914.431,2.912229961089494,34.33794766763165,Reported below excess 95% interval
Slovenia,SVN,2023-11-18,2023-11-18,6464.953,6394.8945,6748.2407,2023-11-12,9536,6,-3071.0469999999996,0.6779522860738255,147.5030058223161,Reported above excess 95% interval
Trinidad and Tobago,TTO,2023-11-18,2023-11-18,6330.728,3357.2898,8337.135,2023-11-12,4390,6,1940.728,1.442079271070615,69.34431553527493,Reported within excess 95% interval
Dominican Republic,DOM,2023-11-18,2023-11-18,5973.563,912.35394,10996.685,2023-11-12,4384,6,1589.563,1.3625828010948906,73.39003539428646,Reported within excess 95% interval
Gabon,GAB,2023-11-18,2023-11-18,5713.9556,799.90625,9463.562,2023-11-12,307,6,5406.9556,18.612233224755702,5.372810387256072,Reported below excess 95% interval
Palestine,PSE,2023-11-18,2023-11-18,5708.0503,3322.1494,13333.805,2023-11-12,5708,6,0.05029999999987922,1.0000088121934128,99.99911878842413,Reported within excess 95% interval
Estonia,EST,2023-11-18,2023-11-18,5417.0537,5369.6016,5478.629,2023-11-12,2914,6,2503.0537000000004,1.8589751887439947,53.79307943725941,Reported below excess 95% interval
Guinea-Bissau,GNB,2023-11-18,2023-11-18,5203.8887,-195.28706,9829.872,2023-11-12,177,6,5026.8887,29.400501129943507,3.401302568212114,Reported within excess 95% interval
Lesotho,LSO,2023-11-18,2023-11-18,4957.4243,2393.6235,9125.238,2023-11-12,709,6,4248.4243,6.992135825105782,14.301781673196706,Reported below excess 95% interval
Kosovo,OWID_KOS,2023-11-18,2023-11-18,4317.6616,3956.6548,5509.8477,2023-11-12,3212,6,1105.6616000000004,1.344228393524284,74.3921200308982,Reported below excess 95% interval
Gambia,GMB,2023-11-18,2023-11-18,4242.665,-381.02606,9773.333,2023-11-12,372,6,3870.665,11.405013440860214,8.768073840380987,Reported within excess 95% interval
Bahrain,BHR,2023-11-18,2023-11-18,3945.6045,2361.0984,7134.0625,2023-11-12,1536,6,2409.6045,2.5687529296875,38.92939598989204,Reported below excess 95% interval
East Timor,TLS,2023-11-18,2023-11-18,3788.9814,572.73267,5670.0034,2023-11-12,138,6,3650.9814,27.45638695652174,3.6421398109792777,Reported below excess 95% interval
Montenegro,MNE,2023-11-18,2023-11-18,3730.364,3624.7654000000002,3995.6765,2023-11-12,2654,6,1076.364,1.4055629238884702,71.14587209183875,Reported below excess 95% interval
Oman,OMN,2023-11-18,2023-11-18,3704.7324,3412.4128,4269.4194,2023-11-12,4628,6,-923.2676000000001,0.8005039757994814,124.92130335783497,Reported above excess 95% interval
Guyana,GUY,2023-11-18,2023-11-18,3640.3018,2415.357,6269.4155,2023-11-12,1299,6,2341.3018,2.8023878367975366,35.68385456392654,Reported below excess 95% interval
Eswatini,SWZ,2023-11-18,2023-11-18,3619.9094,3065.2515,7015.153,2023-11-12,1427,6,2192.9094,2.5367269796776455,39.42087611363975,Reported below excess 95% interval
Eritrea,ERI,2023-11-18,2023-11-18,2941.2556,-47.862015,12748.225,2023-11-12,103,6,2838.2556,28.555879611650486,3.501905784726768,Reported within excess 95% interval
Reunion,REU,2023-11-18,2023-11-18,2797.064,400.63135,10760.551,2023-11-12,921,6,1876.0639999999999,3.036985884907709,32.927383856786975,Reported within excess 95% interval
Martinique,MTQ,2023-11-18,2023-11-18,2350.8384,506.23102,3032.5212,2023-11-12,1104,6,1246.8384,2.129382608695652,46.96196897243128,Reported within excess 95% interval
Mauritius,MUS,2023-11-18,2023-11-18,2331.9917,1882.7301,2937.144,2023-11-12,1055,6,1276.9917,2.210418672985782,45.240298239483444,Reported below excess 95% interval
Guadeloupe,GLP,2023-11-18,2023-11-18,2038.3812,290.24927,2991.4126,2023-11-12,1021,6,1017.3812,1.9964556317335946,50.088766517273605,Reported within excess 95% interval
Djibouti,DJI,2023-11-18,2023-11-18,2037.6289,371.4955,5192.2593,2023-11-12,189,6,1848.6289,10.781105291005291,9.275486817054862,Reported below excess 95% interval
Suriname,SUR,2023-11-18,2023-11-18,1910.2092,1688.4503,2754.6143,2023-11-12,1404,6,506.2092,1.3605478632478634,73.49980305822001,Reported below excess 95% interval
Cyprus,CYP,2023-11-18,2023-11-18,1829.0094,1770.1555,1981.8076,2023-11-12,1364,6,465.0093999999999,1.3409159824046921,74.57588790959741,Reported below excess 95% interval
Qatar,QAT,2023-11-18,2023-11-18,1679.3756,1502.5095,1992.1133,2023-11-12,690,6,989.3756000000001,2.4338776811594203,41.086699127937784,Reported below excess 95% interval
Equatorial Guinea,GNQ,2023-11-18,2023-11-18,1558.2676,530.95135,6015.7173,2023-11-12,183,6,1375.2676,8.515123497267759,11.743810883316833,Reported below excess 95% interval
Bahamas,BHS,2023-11-18,2023-11-18,1405.7417,1052.0042,1886.9547,2023-11-12,844,6,561.7417,1.6655707345971564,60.039479514622066,Reported below excess 95% interval
Fiji,FJI,2023-11-18,2023-11-18,1281.8169,326.4343,4087.1184,2023-11-12,885,6,396.81690000000003,1.4483806779661017,69.04262223411159,Reported within excess 95% interval
Comoros,COM,2023-11-18,2023-11-18,1152.1033,328.32703,3736.813,2023-11-12,160,6,992.1033,7.200645625,13.887643581960056,Reported below excess 95% interval
French Guiana,GUF,2023-11-18,2023-11-18,1105.8662,96.57577,2238.1013,2023-11-12,413,6,692.8661999999999,2.677642130750605,37.3462901750682,Reported within excess 95% interval
Malta,MLT,2023-11-18,2023-11-18,1063.7272,997.9051,1083.6393,2023-11-12,886,6,177.72720000000004,1.2005950338600453,83.29203201723148,Reported below excess 95% interval
Mongolia,MNG,2023-11-18,2023-11-18,1054.7936,506.78616,3327.9941,2023-11-12,2284,6,-1229.2064,0.4618185639229422,216.53525391128653,Reported within excess 95% interval
Guam,GUM,2023-11-18,2023-11-18,915.62415,276.66556,1579.9309,2023-11-12,417,6,498.62415,2.195741366906475,45.54270439459248,Reported within excess 95% interval
Belize,BLZ,2023-11-18,2023-11-18,864.90295,500.41638,1306.3835,2023-11-12,688,6,176.90295000000003,1.2571263808139534,79.54649709542556,Reported within excess 95% interval
Barbados,BRB,2023-11-18,2023-11-18,841.29504,573.6701,861.665,2023-11-12,593,6,248.29503999999997,1.4187100168634064,70.48656794648403,Reported within excess 95% interval
Curacao,CUW,2023-11-18,2023-11-18,812.0876,363.66483,1273.734,2023-11-12,305,6,507.08759999999995,2.662582295081967,37.55752458232339,Reported below excess 95% interval
Cape Verde,CPV,2023-11-18,2023-11-18,772.80695,566.28845,1470.7854,2023-11-12,416,6,356.80695000000003,1.857709014423077,53.8297436377869,Reported below excess 95% interval
Maldives,MDV,2023-11-18,2023-11-18,756.9884,544.71716,1647.3009,2023-11-12,316,6,440.98839999999996,2.395532911392405,41.74436490704481,Reported below excess 95% interval
Brunei,BRN,2023-11-18,2023-11-18,722.79047,97.45874,1234.0602,2023-11-12,163,6,559.79047,4.43429736196319,22.551487155053387,Reported within excess 95% interval
Jersey,JEY,2023-11-18,2023-11-18,669.0942,-18.462297,900.23175,2023-11-12,161,6,508.0942,4.155864596273292,24.062381649698953,Reported within excess 95% interval
Mayotte,MYT,2023-11-18,2023-11-18,668.2147,6.8288693,2829.188,2023-11-12,187,6,481.2147,3.57334064171123,27.985017390368693,Reported within excess 95% interval
Saint Lucia,LCA,2023-11-18,2023-11-18,590.5795,196.68138,1015.43524,2023-11-12,410,6,180.57950000000005,1.4404378048780488,69.42333758621828,Reported within excess 95% interval
French Polynesia,PYF,2023-11-18,2023-11-18,549.8299,283.85925,1008.3147,2023-11-12,649,6,-99.17010000000005,0.847195531587057,118.03650547196507,Reported within excess 95% interval
Aruba,ABW,2023-11-18,2023-11-18,537.5388,322.05115,577.6012,2023-11-12,292,6,245.53880000000004,1.840886301369863,54.32166012946414,Reported below excess 95% interval
New Zealand,NZL,2023-11-18,2023-11-18,428.72922,273.80093,697.9352,2023-11-12,3464,6,-3035.27078,0.12376709584295612,807.9691885708187,Reported above excess 95% interval
United States Virgin Islands,VIR,2023-11-18,2023-11-18,404.99338,27.856266,667.66736,2023-11-12,132,6,272.99338,3.0681316666666665,32.593125349357564,Reported within excess 95% interval
Iceland,ISL,2023-11-18,2023-11-18,401.09268,357.86703,431.9884,2023-11-12,186,6,215.09267999999997,2.156412258064516,46.3733219963027,Reported below excess 95% interval
Solomon Islands,SLB,2023-11-18,2023-11-18,363.7141,-378.05426,2417.2014,2023-11-12,199,6,164.71409999999997,1.8277090452261304,54.713303663509336,Reported within excess 95% interval
Bermuda,BMU,2023-11-18,2023-11-18,349.46622,210.794,445.89774,2023-11-12,165,6,184.46622000000002,2.117977090909091,47.21486385722774,Reported below excess 95% interval
Monaco,MCO,2023-11-18,2023-11-18,294.96176,241.21298,347.0691,2023-11-12,67,6,227.96176000000003,4.402414328358209,22.71480886200299,Reported below excess 95% interval
Guernsey,GGY,2023-11-18,2023-11-18,291.1214,-34.9472,474.20895,2023-11-12,67,6,224.1214,4.34509552238806,23.01445376396239,Reported within excess 95% interval
Northern Mariana Islands,MNP,2023-11-18,2023-11-18,272.53238,13.595541,423.1313,2023-11-12,41,6,231.53238,6.647131219512195,15.044083936007898,Reported within excess 95% interval
Isle of Man,IMN,2023-11-18,2023-11-18,271.5706,-67.839355,447.9012,2023-11-12,116,6,155.5706,2.3411258620689654,42.71449118571745,Reported within excess 95% interval
Micronesia (country),FSM,2023-11-18,2023-11-18,242.43602,43.35643,753.1636,2023-11-12,65,6,177.43602,3.7297849230769233,26.811197445000126,Reported within excess 95% interval
Saint Vincent and the Grenadines,VCT,2023-11-18,2023-11-18,232.47112,69.39084,339.10022,2023-11-12,124,6,108.47112000000001,1.8747670967741936,53.33995895920319,Reported within excess 95% interval
Grenada,GRD,2023-11-18,2023-11-18,231.4776,49.23908,430.27902,2023-11-12,238,6,-6.522400000000005,0.9725949579831933,102.81772404759683,Reported within excess 95% interval
Saint Kitts and Nevis,KNA,2023-11-18,2023-11-18,222.6025,184.7291,256.90018,2023-11-12,46,6,176.6025,4.8391847826086956,20.664637638840535,Reported below excess 95% interval
Dominica,DMA,2023-11-18,2023-11-18,205.65208,43.67279,335.64102,2023-11-12,74,6,131.65208,2.779082162162162,35.98310311279127,Reported within excess 95% interval
Andorra,AND,2023-11-18,2023-11-18,184.60515,83.642105,471.35938,2023-11-12,159,6,25.60515000000001,1.1610386792452831,86.12977481939154,Reported within excess 95% interval
Sint Maarten (Dutch part),SXM,2023-11-18,2023-11-18,179.06117,21.593899,320.07816,2023-11-12,92,6,87.06117,1.9463170652173913,51.379090173486524,Reported within excess 95% interval
Bonaire Sint Eustatius and Saba,BES,2023-11-18,2023-11-18,162.66039,11.632974,216.27693,2023-11-12,41,6,121.66039,3.967326585365854,25.20589062893554,Reported within excess 95% interval
Cayman Islands,CYM,2023-11-18,2023-11-18,148.42229,-5.415516,294.50168,2023-11-12,37,6,111.42229,4.0114132432432434,24.928870185199273,Reported within excess 95% interval
Sao Tome and Principe,STP,2023-11-18,2023-11-18,141.5802,-75.17341,766.48615,2023-11-12,80,6,61.58019999999999,1.7697524999999998,56.50507627478984,Reported within excess 95% interval
San Marino,SMR,2023-11-18,2023-11-18,130.96121,122.956856,142.3562,2023-11-12,126,6,4.961209999999994,1.0393746825396826,96.21169505077114,Reported within excess 95% interval
Turks and Caicos Islands,TCA,2023-11-18,2023-11-18,107.62601,-18.51554,226.47488,2023-11-12,40,6,67.62601,2.69065025,37.16573716706584,Reported within excess 95% interval
Saint Martin (French part),MAF,2023-11-18,2023-11-18,98.30367,-14.593243,208.52304,2023-11-12,46,6,52.30367,2.137036304347826,46.793776875268236,Reported within excess 95% interval
British Virgin Islands,VGB,2023-11-18,2023-11-18,73.82452,-11.084444,138.55853,2023-11-12,64,6,9.824520000000007,1.153508125,86.69206382919928,Reported within excess 95% interval
American Samoa,ASM,2023-11-18,2023-11-18,63.76971,-26.484993,188.8421,2023-11-12,34,6,29.769710000000003,1.8755797058823531,53.316849018131016,Reported within excess 95% interval
Faroe Islands,FRO,2023-11-18,2023-11-18,53.294655,36.193676,82.743355,2023-11-12,28,6,25.294655,1.9033805357142857,52.53810161638161,Reported below excess 95% interval
Anguilla,AIA,2023-11-18,2023-11-18,51.29946,-3.4723594,113.83273,2023-11-12,12,6,39.29946,4.274955,23.3920590976981,Reported within excess 95% interval
Gibraltar,GIB,2023-11-18,2023-11-18,46.9253,-30.978333,224.90356,2023-11-12,113,6,-66.074700000000007,0.41526814159292036,240.80826334621196,Reported within excess 95% interval
Marshall Islands,MHL,2023-11-18,2023-11-18,41.91221,-36.90536,171.49115,2023-11-12,17,6,24.91221,2.465424117647059,40.560972566228315,Reported within excess 95% interval
Luxembourg,LUX,2023-11-18,2023-11-18,35.839935,12.859158,126.064476,2023-11-12,1000,6,-964.160065,0.035839934999999996,2790.1836317504485,Reported above excess 95% interval
New Caledonia,NCL,2023-11-18,2023-11-18,35.71464,-389.38632,866.5905,2023-11-12,314,6,-278.28535999999997,0.11374089171974523,879.1912784225179,Reported within excess 95% interval
Liechtenstein,LIE,2023-11-18,2023-11-18,30.598112,18.653515,124.65219,2023-11-12,87,6,-56.401888,0.3517024367816092,284.3312685436278,Reported within excess 95% interval
Tuvalu,TUV,2023-11-18,2023-11-18,18.04439,-11.452742,47.43011,2023-11-12,1,6,17.04439,18.04439,5.541888642397997,Reported within excess 95% interval
Montserrat,MSR,2023-11-18,2023-11-18,8.764239,-4.675353,17.369696,2023-11-12,8,6,0.7642389999999999,1.095529875,91.28003013153794,Reported within excess 95% interval
Wallis and Futuna,WLF,2023-11-18,2023-11-18,5.8372083,-14.554935,53.03102,2023-11-12,8,6,-2.1627916999999997,0.7296510375,137.051816362284,Reported within excess 95% interval
Kiribati,KIR,2023-11-18,2023-11-18,5.256246,-106.42299,415.0413,2023-11-12,24,6,-18.743754,0.21901025,456.5996340353933,Reported within excess 95% interval
Palau,PLW,2023-11-18,2023-11-18,4.62389,-36.86112,90.90875,2023-11-12,9,6,-4.37611,0.5137655555555556,194.64130850863666,Reported within excess 95% interval
Nauru,NRU,2023-11-18,2023-11-18,2.0023434,-17.970608,49.993088,2023-11-12,1,6,1.0023434,2.0023434,49.9414835637084,Reported within excess 95% interval
Cook Islands,COK,2023-11-18,2023-11-18,0.27874437,-39.953346,63.713627,2023-11-12,2,6,-1.72125563,0.139372185,717.5032808734396,Reported within excess 95% interval
Saint Pierre and Miquelon,SPM,2023-11-18,2023-11-18,-4.5220346,-13.529641,23.448166,2023-11-12,2,6,-6.5220346,NA,NA,Reported within excess 95% interval
Tonga,TON,2023-11-18,2023-11-18,-21.422726,-171.44537,238.92128,2023-11-12,12,6,-33.422726,NA,NA,Reported within excess 95% interval
Seychelles,SYC,2023-11-18,2023-11-18,-41.81255,-122.50532,5.06274,2023-11-12,172,6,-213.81255,NA,NA,Reported above excess 95% interval
Antigua and Barbuda,ATG,2023-11-18,2023-11-18,-51.258507,-188.84291,72.53336,2023-11-12,146,6,-197.258507,NA,NA,Reported above excess 95% interval
Samoa,WSM,2023-11-18,2023-11-18,-62.006557,-297.28015,536.7323,2023-11-12,31,6,-93.006557,NA,NA,Reported within excess 95% interval
Greenland,GRL,2023-11-18,2023-11-18,-152.09021,-187.76422,-115.73633,2023-11-12,21,6,-173.09021,NA,NA,Reported above excess 95% interval
Vanuatu,VUT,2023-11-18,2023-11-18,-309.97406,-389.7266,951.45654,2023-11-12,14,6,-323.97406,NA,NA,Reported within excess 95% interval
Bhutan,BTN,2023-11-18,2023-11-18,-568.9308,-846.61017,2188.8254,2023-11-12,21,6,-589.9308,NA,NA,Reported within excess 95% interval
