entity,code,excess_reported_ratio_2020,excess_reported_ratio_2023,log_ratio_2020,log_ratio_2023
Afghanistan,AFG,12.22587720111214,15.774867462311558,2.5035547874788904,2.758418006636772
Albania,ALB,5.33867037037037,4.43959128745838,1.6749766276552083,1.4905623198328148
Algeria,DZA,18.955819985304924,17.789299520418542,2.942111007610837,2.878597125996323
Andorra,AND,0.8649827710843374,1.1610386792452831,-0.1450456900701954,0.14931501761755384
Angola,AGO,5.93083675,35.96855888429752,1.7801653076084427,3.582645192526216
Argentina,ARG,0.7214361252026018,1.3792171943277391,-0.3265114352449971,0.3215160877345423
Armenia,ARM,1.6321294797687862,1.4016655262857793,0.4898855914884342,0.33766119116725263
Aruba,ABW,1.0501778723404256,1.840886301369863,0.04895955205147141,0.6102471411747605
Austria,AUT,1.1473714001986097,1.289636815478832,0.1374735871286074,0.25436064034570616
Azerbaijan,AZE,4.515733443708609,3.5827820921472036,1.507567619680147,1.2761396193221657
Bahamas,BHS,1.6436250887573967,1.6655707345971564,0.4969042224259463,0.5101678482373869
Bahrain,BHR,2.0931866096866094,2.5687529296875,0.7386875984414746,0.9434205397727061
Bangladesh,BGD,24.036081588835213,20.01679953862333,3.179556100909056,2.9965718979019624
Belarus,BLR,17.335462209302328,11.163092160719303,2.8527542421390297,2.4126129939081546
Belgium,BEL,0.953764271704346,0.9830458662162556,-0.04733873271629575,-0.01709950049698152
Belize,BLZ,0.4556923245614035,1.2571263808139534,-0.7859374240373751,0.22882846617224203
Benin,BEN,57.76160681818181,141.9153926380368,4.056324313071972,4.955231053533418
Bermuda,BMU,3.552321777777778,2.117977090909091,1.2676014116174346,0.7504614307416291
Bolivia,BOL,2.3731278212044478,2.7208603975876704,0.8642088408173175,1.0009481529309727
Bonaire Sint Eustatius and Saba,BES,4.046643333333333,3.967326585365854,1.3978877308840156,1.3780924636706946
Bosnia and Herzegovina,BIH,1.7487015039510578,1.561233255927646,0.5588735147765979,0.445476057614004
Brazil,BRA,0.9560262063752046,1.3107106233158055,-0.04496995378008752,0.27056945068094146
Bulgaria,BGR,2.453874771865787,1.789088738972496,0.8976683147770935,0.5817064058523109
Burkina Faso,BFA,83.7551282051282,130.58742424242425,4.427897401130593,4.872042920034612
Burundi,BDI,1386.35865,1321.7971333333332,7.234435912509407,7.186747554274229
Cameroon,CMR,31.816404017857142,31.627733029381965,3.4599820063996045,3.4540343632151056
Canada,CAN,0.9991331613954119,1.340958937515241,-8.672145264294167e-4,0.29338498303671173
Cape Verde,CPV,1.5916466964285714,1.857709014423077,0.46476913843942547,0.6193440158678273
Cayman Islands,CYM,4.2360465,4.0114132432432434,1.4436304050160198,1.3891436089661755
Central African Republic,CAF,0.3373113333333333,82.86155752212389,-1.086748937320887,4.417171233505226
Chad,TCD,128.8336826923077,338.8661340206186,4.858522291068298,5.825605144497948
Chile,CHL,0.8652017190929042,1.0392914566369393,-0.14479259797397265,0.03853918927338068
Colombia,COL,1.2454056128568,1.334784798951845,0.21946127031678295,0.28877007957120393
Comoros,COM,38.55406857142857,7.200645625,3.6520616345552512,1.974170692140772
Congo,COG,26.244312,34.4116735218509,3.2674492798436057,3.538395853379763
Costa Rica,CRI,0.3432894912030433,0.9926227583262168,-1.0691811901054495,-0.007404588098271298
Cote d'Ivoire,CIV,32.503313432835824,70.35073892215568,3.481342035918526,4.253493287018466
Croatia,HRV,1.698707168557985,1.4654738154613467,0.5298674726601175,0.3821786137020208
Cuba,CUB,1.0271095744680852,7.083048300117233,0.026748618992230477,1.9577043659092168
Curacao,CUW,3.1887608333333333,2.662582295081967,1.1596323878286252,0.9792964395088452
Cyprus,CYP,2.2474424561403508,1.3409159824046921,0.8097928835388001,0.29335294939469986
Czechia,CZE,1.4203381719011172,1.087623758229998,0.3508949924862827,0.08399527817715938
Democratic Republic of Congo,COD,66.15479274611398,257.73773841961855,4.19199734063653,5.551942550163637
Djibouti,DJI,3.753078032786885,10.781105291005291,1.3225763120462126,2.3777950918579864
Dominican Republic,DOM,0.6256475873544094,1.3625828010948906,-0.46896802590098197,0.30938201715454383
Ecuador,ECU,2.894814152966404,2.3557223733140926,1.0629209130977888,0.8568474206939666
Egypt,EGY,14.13444572905332,14.516129681836489,2.6486147777168885,2.675260423027954
El Salvador,SLV,6.098394757131843,6.691166666666667,1.8080255819794762,1.900788248572305
Equatorial Guinea,GNQ,2.277232906976744,8.515123497267759,0.8229610686213061,2.141843817505397
Estonia,EST,1.4127881690140844,1.8589751887439947,0.3455651766918415,0.6200253620897216
Eswatini,SWZ,1.4337247239263804,2.5367269796776455,0.3602757599608871,0.9308746594054748
Ethiopia,ETH,37.181141504471334,75.5941048323211,3.615801683932577,4.325378301736562
Finland,FIN,2.270990776699029,1.4237280506283982,0.8202162017761292,0.35327881906930175
France,FRA,0.8660047533604054,0.8955206119594011,-0.1438648815659373,-0.1103500404828342
French Guiana,GUF,2.0575187323943664,2.677642130750605,0.7215007579720492,0.9849366053111387
French Polynesia,PYF,0.215115,0.847195531587057,-1.5365825101328519,-0.165823759039519
Gabon,GAB,11.6106984375,18.612233224755702,2.451926952169098,2.923819064784812
Gambia,GMB,3.3337804878048782,11.405013440860214,1.2041069416705836,2.434053034241594
Georgia,GEO,1.8274432057214978,1.4316922717721223,0.6029178345783027,0.3588571514315458
Germany,DEU,0.7684268331596077,1.4861264494596496,-0.26340992787547546,0.3961730365243152
Ghana,GHA,17.78126865671642,52.19927496580027,2.8781455805614238,3.9550686052480764
Greece,GRC,1.3837709098675781,1.0637104272514282,0.3248123159419526,0.06176319903972046
Guadeloupe,GLP,2.2310034838709676,1.9964556317335946,0.8024514770228954,0.6913734242507101
Guam,GUM,2.080590991735537,2.195741366906475,0.7326519839978453,0.7865197420785548
Guatemala,GTM,2.2444900272937223,2.7900554427998614,0.8084783360549832,1.0260614676071058
Guernsey,GGY,2.27185225,4.34509552238806,0.8205954679344509,1.4690477429148403
Guinea,GIN,43.539105,41.555491452991454,3.773659499784379,3.727029677502051
Guinea-Bissau,GNB,20.906602222222222,29.400501129943507,3.0400650048862987,3.3810117194355414
Guyana,GUY,2.8817946913580244,2.8023878367975366,1.0584132567878657,1.0304718526110817
Haiti,HTI,15.488337446808512,24.711581395348837,2.740087317926556,3.2072720161457138
Honduras,HND,2.598982162691931,2.6632028072701095,0.955119892493028,0.9795294613747393
Hungary,HUN,1.426035923510556,1.0035355753878905,0.35489851347742996,0.0035293399341844215
India,IND,7.906489547628403,14.214688868262407,2.0676838839830673,2.654275857298348
Indonesia,IDN,1.8258701323162405,5.801344260675157,0.6020566582394994,1.7580896597799929
Iran,IRN,2.17628357826071,1.9842735677953391,0.777618641394537,0.6852528863507619
Iraq,IRQ,3.857869350669695,5.148375960591133,1.3501150493869734,1.6386813174851471
Ireland,IRL,0.6890182062780269,1.1181452890792292,-0.3724875841114568,0.11167132074325224
Isle of Man,IMN,1.2013197714285713,2.3411258620689654,0.18342076197034046,0.8506319512963209
Israel,ISR,0.9267316471314003,1.169867474620288,-0.07609124062038344,0.15689047283887478
Italy,ITA,1.5614560710346657,1.4984351921002408,0.4456187648026275,0.4044213583243157
Jamaica,JAM,0.5763368027210884,2.3042884401114208,-0.5510630622261014,0.8347719260184849
Jersey,JEY,2.420373170731707,4.155864596273292,0.8839217310622653,1.4245204924062536
Jordan,JOR,1.0999352909627247,1.0574219657272341,0.09525135167646147,0.055833837941102846
Kazakhstan,KAZ,10.997863244660921,4.1236977768456375,2.3977010034439306,1.416750279484257
Kenya,KEN,15.473763141993958,28.837400246088944,2.739145889172446,3.3616731643205537
Kosovo,OWID_KOS,2.4655211583011583,1.344228393524284,0.9024032083938146,0.2958201633214789
Kuwait,KWT,3.6070904198062435,2.912229961089494,1.2829014694769734,1.0689190973708202
Latvia,LVA,1.5434783227848101,1.4547393001345894,0.4340385206663219,0.37482670940443763
Lebanon,LBN,1.6978852791878174,1.7185964191102583,0.5293835232909465,0.5415079222862139
Liberia,LBR,1.9139932584269663,27.58751700680272,0.6491917707815951,3.3173633880503663
Libya,LBY,3.394216254416961,4.394626378747864,1.2220728814636983,1.480382516999733
Liechtenstein,LIE,1.08514,0.3517024367816092,0.0817090109265416,-1.044969810946137
Lithuania,LTU,3.7513108225108227,2.811249846153846,1.322105331572571,1.0336291695662099
Luxembourg,LUX,0.8861515087719298,0.035839934999999996,-0.12086733986783552,-3.3286925044931235
Madagascar,MDG,54.165183908045975,72.03844912280701,3.9920383387217027,4.277199992075011
Malawi,MWI,32.010308510638296,24.54323343261355,3.466057991880916,3.200436192323146
Maldives,MDV,3.002418125,2.395532911392405,1.0994180056576495,0.8736057160871574
Mali,MLI,93.937,81.90598923283984,4.54262434481107,4.405572116791361
Malta,MLT,1.4992740088105727,1.2005950338600453,0.40498099681891675,0.18281729544527944
Martinique,MTQ,3.421140714285714,2.129382608695652,1.229974037650489,0.7558320826327692
Mauritania,MRT,5.180377448071217,8.2535325977933809,1.6448779200397776,2.1106413023697654
Mayotte,MYT,1.742175925925926,3.57334064171123,0.5551348641037188,1.273500912227463
Mexico,MEX,2.1365689068038085,1.9491565023961304,0.7592012277717927,0.6673967161195684
Moldova,MDA,1.6614929054054055,1.5657187757116997,0.5077165388096582,0.4483450001595226
Monaco,MCO,15.986307666666667,4.402414328358209,2.771732585025548,1.4821531014278888
Montenegro,MNE,1.442176556169429,1.4055629238884702,0.3661534697654508,0.3404378801157613
Montserrat,MSR,0.4746617,1.095529875,-0.7451529392162143,0.09123815033421667
Morocco,MAR,3.883738339811216,4.40224949377186,1.3567981794190274,1.482115658865697
Mozambique,MOZ,177.3462075471698,57.72327555555555,5.178103796988564,4.055660481352253
Myanmar,MMR,14.493356401384084,14.093433877090389,2.6736903652154687,2.645709006444505
Namibia,NAM,1.5687391794871794,2.292551951219512,0.4502722263361159,0.8296655862742747
Nepal,NPL,10.209020220588235,10.096628709167982,2.3232716648478844,2.312201576955054
Netherlands,NLD,1.3366208510269522,2.4734629774645436,0.2901446760232446,0.905619183902109
Nicaragua,NIC,50.482969512195126,96.30801224489795,3.9216360420217256,4.567551516224677
Niger,NER,206.3680792079208,201.076,5.3296613666467065,5.303682946046447
Nigeria,NGA,125.25517241379312,205.2005705229794,4.8303530358292,5.32398789361916
North Macedonia,MKD,1.971810773480663,1.7460980923694778,0.6789522949235017,0.5573836370360288
Northern Mariana Islands,MNP,1.70645665,6.647131219512195,0.5344190861705921,1.8941853660278514
Norway,NOR,0.5193413301662707,1.6995826936496858,-0.6551939430718587,0.5303827466047029
Oman,OMN,0.8881751844399731,0.8005039757994814,-0.11858627567231829,-0.2225137799125029
Pakistan,PAK,22.907051752241237,26.959118932672233,3.1314447999364883,3.294321604971222
Palestine,PSE,0.69840213371266,1.0000088121934128,-0.35896021931728206,8.812154585606695e-6
Panama,PAN,0.7105133120340789,1.160874696566871,-0.3417675954711995,0.1491737697308816
Papua New Guinea,PNG,104.86168888888888,38.072174626865674,4.6526422331456105,3.6394836905614336
Paraguay,PRY,0.9501786443825441,1.265811549846972,-0.05110526534765102,0.23571345786078918
Peru,PER,0.8836371496817007,0.959415455448226,-0.12370876476893827,-0.041431080550261006
Poland,POL,2.352218914250009,1.4614510403354466,0.8553591014916667,0.3794298054086187
Portugal,PRT,1.7438219566840927,1.4240746989689235,0.5560792312180591,0.35352226875505427
Puerto Rico,PRI,1.7714842331288343,3.007561805321657,0.5718177449895872,1.1011297190534313
Qatar,QAT,1.493772131147541,2.4338776811594203,0.40130455241892016,0.8894857390541591
Romania,ROU,2.464311887741594,1.6510353277516847,0.9019126154781827,0.5014025624993006
Russia,RUS,6.495186023586111,3.743879360733787,1.8710612907572368,1.320122336069973
Rwanda,RWA,95.30464383561643,24.745476839237057,4.557078538073339,3.208642718342938
Saint Lucia,LCA,2.9838556,1.4404378048780488,1.0932162897497004,0.36494709854511176
Saint Martin (French part),MAF,1.556571,2.137036304347826,0.4424853250214088,0.759419964656829
San Marino,SMR,1.396448245614035,1.0393746825396826,0.3339320456476349,0.0386192655311492
Sao Tome and Principe,STP,0.8761481764705883,1.7697524999999998,-0.13222005112806778,0.5708397063000661
Saudi Arabia,SAU,2.1401677461139896,2.590497408252125,0.7608842119963101,0.9518499067904934
Senegal,SEN,8.56204315245478,18.49478792491121,2.147338847707108,2.9174889586012767
Serbia,SRB,4.712505196111297,3.3420431411640914,1.550219655396608,1.206582338876267
Sint Maarten (Dutch part),SXM,1.4305642307692308,1.9463170652173913,0.35806893342222823,0.6659389022582628
Slovakia,SVK,2.97202538071066,1.479561537734958,1.089243666762069,0.39174578559567746
Slovenia,SVN,1.1013138840680319,0.6779522860738255,0.09650390709016371,-0.38867836804052563
Somalia,SOM,40.41654645669291,41.091540044085235,3.699239266877668,3.715802261971145
South Africa,ZAF,1.7028766637758757,2.8873032798869342,0.5323189761429561,1.0603229453493972
South Sudan,SSD,91.1256126984127,207.17544897959183,4.512238914019938,5.333566013884161
Spain,ESP,1.4123977095841673,1.3904363490135576,0.3452887634226396,0.32961761803361694
Sudan,SDN,22.048486842105262,28.28618906064209,3.09324397559732,3.342373666470551
Suriname,SUR,0.46636546218487396,1.3605478632478634,-0.7627856986070571,0.30788745925289013
Sweden,SWE,0.9034567199399335,0.7993244878588943,-0.10152707276470145,-0.22398829818878596
Switzerland,CHE,1.274666805903648,1.6109220346197504,0.24268481575507259,0.47680670738111736
Syria,SYR,8.515122571001495,11.2235589630098,2.141843708726433,2.4180150479270752
Tajikistan,TJK,104.66146666666666,158.48723199999998,4.650731014477313,5.065674034867543
Tanzania,TZA,1161.923476190476,196.57108747044919,7.057832079985538,5.281024134184395
Togo,TGO,37.05628529411765,70.58719655172413,3.612437980920182,4.25684877609436
Trinidad and Tobago,TTO,1.08265832,1.442079271070615,0.0794194242419986,0.36608601035499755
Tunisia,TUN,0.5683317442385901,1.0135479386874213,-0.5650499739976703,0.013456985926892382
Turkey,TUR,3.2800986547085205,2.4024001419852294,1.1878734995987654,0.8764682967883926
Turks and Caicos Islands,TCA,2.6819605,2.69065025,0.9865480569359681,0.9897828930266266
Uganda,UGA,109.24530201342282,48.59389592511013,4.693595830885614,3.8834979247695647
Ukraine,UKR,2.6119397172404764,2.0623936934805944,0.9600931319903057,0.7238672953434726
United Arab Emirates,ARE,2.548204427480916,3.5012422307364837,0.9353889650571259,1.253117828592642
United Kingdom,GBR,0.9188635534678087,1.091928551733646,-0.08461764048117856,0.0879454463668124
United States,USA,1.3511629534585325,1.1957957055648774,0.3009656686241392,0.17881182619285407
United States Virgin Islands,VIR,2.187774652173913,3.0681316666666665,0.7828848866477313,1.1210687987075638
Venezuela,VEN,8.582532673267327,11.711463456284154,2.1497290533063236,2.460568144718431
Yemen,YEM,42.48119275123558,37.6880754979157,3.749061454487612,3.629343744630601
Zambia,ZMB,22.462547120418847,15.644329565003687,3.1118493498445434,2.7501085232146907
Zimbabwe,ZWE,34.09526392961877,12.725525672371639,3.5291584869492176,2.543609871789366
