entity,code,common_cutoff_date,excess_date,excess_deaths,excess_deaths_lower,excess_deaths_upper,confirmed_date,confirmed_covid_deaths,days_between_measurements,absolute_difference,excess_reported_ratio,reported_percent_of_excess,position_vs_excess_interval,log10_excess,log10_confirmed,log_ratio,percent_difference
India,IND,2023-11-18,2023-11-18,7580622.5,2612835,11154628,2023-11-12,533295,6,7047327.5,14.214688868262407,7.03497634923781,Reported below excess 95% interval,6.879704870172231,5.726967511898536,2.654275857298348,1321.4688868262406
China,CHN,2023-11-18,2023-11-18,1821669.2,462647.12,5087517,2023-11-12,121873,6,1699796.2,14.947274621942514,6.69018282792507,Reported below excess 95% interval,6.2604695155250285,5.08590750176431,2.7045289836824975,1394.7274621942513
Russia,RUS,2023-11-18,2023-11-18,1498802.2,1198864.1,1749516.4,2023-11-12,400334,6,1098468.2,3.743879360733787,26.7102623681764,Reported below excess 95% interval,6.175744321896513,5.602422475904094,1.320122336069973,274.38793607337874
United States,USA,2023-11-18,2023-11-18,1369039,1319228.2,1426191.8,2023-11-12,1144877,6,224162,1.1957957055648774,83.62632474312274,Reported below excess 95% interval,6.136415820116124,6.0587588307015245,0.17881182619285407,19.579570556487727
Indonesia,IDN,2023-11-18,2023-11-18,939342.06,436759.06,1764153.1,2023-11-12,161918,6,777424.06,5.801344260675157,17.237384217629945,Reported below excess 95% interval,5.97282376875088,5.209295130817264,1.7580896597799929,480.1344260675157
Brazil,BRA,2023-11-18,2023-11-18,920270.9,903695.2,940843.06,2023-11-12,702116,6,218154.9,1.3107106233158055,76.29449111125865,Reported below excess 95% interval,5.9639156893641285,5.8464088699618015,0.27056945068094146,31.071062331580542
Pakistan,PAK,2023-11-18,2023-11-18,826458.75,397619.88,1363924.6,2023-11-12,30656,6,795802.75,26.959118932672233,3.7093200356339624,Reported below excess 95% interval,5.917221182052116,4.48651548739845,3.294321604971222,2595.9118932672236
Mexico,MEX,2023-11-18,2023-11-18,652801.75,639093.44,677160.8,2023-11-12,334915,6,317886.75,1.9491565023961304,51.304243593096984,Reported below excess 95% interval,5.8147813099834345,5.524934598932354,0.6673967161195684,94.91565023961303
Nigeria,NGA,2023-11-18,2023-11-18,647407.8,9180.964,797024.5,2023-11-12,3155,6,644252.8,205.2005705229794,0.48732807976672504,Reported below excess 95% interval,5.8111779274986715,3.498999363580153,5.32398789361916,20420.057052297943
Bangladesh,BGD,2023-11-18,2023-11-18,590035.2,301651.4,1301489,2023-11-12,29477,6,560558.2,20.01679953862333,4.995803640189602,Reported below excess 95% interval,5.770877921319698,4.469483281434522,2.9965718979019624,1901.6799538623332
Ethiopia,ETH,2023-11-18,2023-11-18,572549.75,83623.64,662449.44,2023-11-12,7574,6,564975.75,75.5941048323211,1.322854476838039,Reported below excess 95% interval,5.757813229373055,3.8793253007848074,4.325378301736562,7459.41048323211
Democratic Republic of Congo,COD,2023-11-18,2023-11-18,378359,1411.5029,445883.1,2023-11-12,1468,6,376891,257.73773841961855,0.387991299268684,Reported within excess 95% interval,5.577904068959987,3.166726055580052,5.551942550163637,25673.773841961854
Egypt,EGY,2023-11-18,2023-11-18,360435.5,350550.8,392702.94,2023-11-12,24830,6,335605.5,14.516129681836489,6.888888580619834,Reported below excess 95% interval,5.556827558929764,4.394976719554564,2.675260423027954,1351.6129681836487
Vietnam,VNM,2023-11-18,2023-11-18,301155.4,171550.44,568186.94,2023-11-12,43206,6,257949.4,6.97022172846364,14.346745899293188,Reported below excess 95% interval,5.478790654885568,4.635544061304545,1.9416470360976723,597.022172846364
South Africa,ZAF,2023-11-18,2023-11-18,296222.88,287833.78,301740.94,2023-11-12,102595,6,193627.88,2.8873032798869342,34.6343942101974,Reported below excess 95% interval,5.471618600012288,5.0111261958116415,1.0603229453493972,188.7303279886934
Iran,IRN,2023-11-18,2023-11-18,291017.53,263649.8,339750.34,2023-11-12,146662,6,144355.53000000003,1.9842735677953391,50.396276815351975,Reported below excess 95% interval,5.463919150336305,5.1663176030858935,0.6852528863507619,98.42735677953392
Philippines,PHL,2023-11-18,2023-11-18,290208.1,273430.97,407899.34,2023-11-12,66736,6,223472.1,4.348598957084632,22.995912243662396,Reported below excess 95% interval,5.462709529866743,4.824360172501756,1.4698537143909474,334.85989570846317
Italy,ITA,2023-11-18,2023-11-18,288922.28,284908.7,296477.9,2023-11-12,192816,6,96106.28000000004,1.4984351921002408,66.73628631201443,Reported below excess 95% interval,5.460781033391327,5.285143069107258,0.4044213583243157,49.843519210024084
Myanmar,MMR,2023-11-18,2023-11-18,274737.4,84469.86,287502.94,2023-11-12,19494,6,255243.4,14.093433877090389,7.095502832886967,Reported below excess 95% interval,5.4389177839492096,4.289900961728627,2.645709006444505,1309.3433877090388
Germany,DEU,2023-11-18,2023-11-18,260040.92,257452.52,267515.62,2023-11-12,174979,6,85061.92000000001,1.4861264494596496,67.28902512727612,Reported below excess 95% interval,5.415041693862661,5.2429859302212956,0.3961730365243152,48.61264494596495
United Kingdom,GBR,2023-11-18,2023-11-18,253449.72,250556.9,256337.53,2023-11-12,232112,6,21337.72,1.091928551733646,91.58108361690044,Reported below excess 95% interval,5.403891815770421,5.3656975937047955,0.0879454463668124,9.192855173364583
Turkey,TUR,2023-11-18,2023-11-18,243649.02,211847.75,287113.28,2023-11-12,101419,6,142230.02,2.4024001419852294,41.62503916494308,Reported below excess 95% interval,5.386764668910631,5.006119324052291,0.8764682967883926,140.24001419852294
Japan,JPN,2023-11-18,2023-11-18,239480.25,229431,258884.02,2023-11-12,74694,6,164786.25,3.2061510964736124,31.19004594324584,Reported below excess 95% interval,5.379269702845803,4.873285717323481,1.1650711823574142,220.61510964736124
Ukraine,UKR,2023-11-18,2023-11-18,226694.19,202023.7,322479.1,2023-11-12,109918,6,116776.19,2.0623936934805944,48.487347646624734,Reported below excess 95% interval,5.355440389631263,5.041068817633362,0.7238672953434726,106.23936934805947
Peru,PER,2023-11-18,2023-11-18,212548.9,201054.3,233351.86,2023-11-12,221540,6,-8991.100000000006,0.959415455448226,104.23013245422582,Reported within excess 95% interval,5.3274588617135565,5.345452151375825,-0.041431080550261006,-4.058454455177397
Colombia,COL,2023-11-18,2023-11-18,190509.83,181551.02,207049.22,2023-11-12,142727,6,47782.82999999999,1.334784798951845,74.91844384092937,Reported below excess 95% interval,5.279917389484686,5.1545061373881484,0.28877007957120393,33.478479895184506
Thailand,THA,2023-11-18,2023-11-18,187239.22,184906.52,191460.84,2023-11-12,34489,6,152750.22,5.428954739192206,18.41975201563006,Reported below excess 95% interval,5.27239682327787,4.537680602289166,1.6917466180295102,442.89547391922065
Argentina,ARG,2023-11-18,2023-11-18,180223.69,148617.66,210154.44,2023-11-12,130671,6,49552.69,1.3792171943277391,72.50489655383262,Reported below excess 95% interval,5.255811877431339,5.116179214685105,0.3215160877345423,37.92171943277391
Uganda,UGA,2023-11-18,2023-11-18,176493.03,28019.25,196062.22,2023-11-12,3632,6,172861.03,48.59389592511013,2.0578716337976632,Reported below excess 95% interval,5.2467275590592,3.5601458398490475,3.8834979247695647,4759.389592511013
Poland,POL,2023-11-18,2023-11-18,174966.38,173757.6,179263.05,2023-11-12,119721,6,55245.380000000005,1.4614510403354466,68.42514544794263,Reported below excess 95% interval,5.242954606496639,5.078170335738052,0.3794298054086187,46.145104033544655
Spain,ESP,2023-11-18,2023-11-18,169427.45,167572.47,174145.97,2023-11-12,121852,6,47575.45000000001,1.3904363490135576,71.91986894685601,Reported below excess 95% interval,5.228983774458367,5.085832661808273,0.32961761803361694,39.04363490135575
Tanzania,TZA,2023-11-18,2023-11-18,166299.14,17759.658,279912.47,2023-11-12,846,6,165453.14,196.57108747044919,0.5087218129931399,Reported below excess 95% interval,5.220890003313205,2.9273703630390235,5.281024134184395,19557.10874704492
Kenya,KEN,2023-11-18,2023-11-18,164055.97,33151.43,249219.56,2023-11-12,5689,6,158366.97,28.837400246088944,3.4677189742013046,Reported below excess 95% interval,5.214992038994431,3.7550359337677714,3.3616731643205537,2783.740024608894
France,FRA,2023-11-18,2023-11-18,150434.03,147138.03,155642.44,2023-11-12,167985,6,-17550.97,0.8955206119594011,111.66688813694614,Reported above excess 95% interval,5.177346090042153,5.2252705037016485,-0.1103500404828342,-10.447938804059886
Sudan,SDN,2023-11-18,2023-11-18,142732.11,66027.36,269702.6,2023-11-12,5046,6,137686.11,28.28618906064209,3.5352941955387616,Reported below excess 95% interval,5.154521685988456,3.702947246181556,3.342373666470551,2728.618906064209
Iraq,IRQ,2023-11-18,2023-11-18,130640.04,73654.41,245838.56,2023-11-12,25375,6,105265.04,5.148375960591133,19.423600911328563,Reported below excess 95% interval,5.11607630470302,4.40440605092127,1.6386813174851471,414.8375960591133
Mozambique,MOZ,2023-11-18,2023-11-18,129877.37,42753.023,143554.6,2023-11-12,2250,6,127627.37,57.72327555555555,1.7324034202417251,Reported below excess 95% interval,5.113533485635732,3.3521825181113627,4.055660481352253,5672.327555555556
Afghanistan,AFG,2023-11-18,2023-11-18,125567.945,60398.734,197101.42,2023-11-12,7960,6,117607.945,15.774867462311558,6.339197475916325,Reported below excess 95% interval,5.098878786802587,3.900913067737669,2.758418006636772,1477.4867462311558
Algeria,DZA,2023-11-18,2023-11-18,122408.17,44861.812,210394.47,2023-11-12,6881,6,115527.17,17.789299520418542,5.621356809761963,Reported below excess 95% interval,5.087810405289155,3.8376515578463923,2.878597125996323,1678.9299520418544
Nepal,NPL,2023-11-18,2023-11-18,121472.54,47949.355,195254.92,2023-11-12,12031,6,109441.54,10.096628709167982,9.90429606559639,Reported below excess 95% interval,5.084478112713489,4.080301726793912,2.312201576955054,909.6628709167983
Romania,ROU,2023-11-18,2023-11-18,113191.68,111519.6,120516.26,2023-11-12,68558,6,44633.67999999999,1.6510353277516847,60.568055885379565,Reported below excess 95% interval,5.053814505802053,4.836058139696456,0.5014025624993006,65.10353277516846
Madagascar,MDG,2023-11-18,2023-11-18,102654.79,7179.8535,114296.18,2023-11-12,1425,6,101229.79,72.03844912280701,1.3881475964248722,Reported below excess 95% interval,5.011379218899339,3.153814864344529,4.277199992075011,7103.8449122807015
Ecuador,ECU,2023-11-18,2023-11-18,84886.1,84082.95,85861.2,2023-11-12,36034,6,48852.100000000006,2.3557223733140926,42.44982394055092,Reported below excess 95% interval,4.9288365808502865,4.5567124742098635,0.8568474206939666,135.57223733140924
South Korea,KOR,2023-11-18,2023-11-18,81497.19,74868.53,89568.88,2023-11-12,35934,6,45563.19,2.2679687760894973,44.09231778420826,Reported below excess 95% interval,4.911142634647549,4.555505563467852,0.8188846186144312,126.79687760894974
Yemen,YEM,2023-11-18,2023-11-18,81368.555,17007.262,149865.5,2023-11-12,2159,6,79209.555,37.6880754979157,2.6533591508415015,Reported below excess 95% interval,4.910456603557385,3.334252642334231,3.629343744630601,3668.8075497915697
Belarus,BLR,2023-11-18,2023-11-18,79458.89,48657.78,84550.28,2023-11-12,7118,6,72340.89,11.163092160719303,8.958091410539463,Reported below excess 95% interval,4.900142493890223,3.8523579836678272,2.4126129939081546,1016.3092160719303
Kazakhstan,KAZ,2023-11-18,2023-11-18,78647.164,77344.09,81998.625,2023-11-12,19072,6,59575.164,4.1236977768456375,24.250079761299464,Reported below excess 95% interval,4.895683066675045,4.280396238060143,1.416750279484257,312.36977768456376
Ghana,GHA,2023-11-18,2023-11-18,76315.34,4836.8457,120466.59,2023-11-12,1462,6,74853.34,52.19927496580027,1.9157354209520656,Reported below excess 95% interval,4.8826118434298715,3.1649473726218416,3.9550686052480764,5119.927496580028
Zimbabwe,ZWE,2023-11-18,2023-11-18,72866.36,29943.922,79861.52,2023-11-12,5726,6,67140.36,12.725525672371639,7.85822154420778,Reported below excess 95% interval,4.862527075118339,3.75785134368558,2.543609871789366,1172.5525672371639
Morocco,MAR,2023-11-18,2023-11-18,71743.46,28184.262,148998.03,2023-11-12,16297,6,55446.46000000001,4.40224949377186,22.71565937856914,Reported below excess 95% interval,4.855782317735433,4.212107665547659,1.482115658865697,340.224949377186
Canada,CAN,2023-11-18,2023-11-18,71485.18,61084.92,76423.53,2023-11-12,53309,6,18176.179999999993,1.340958937515241,74.57349901056415,Reported below excess 95% interval,4.854216015069012,4.726800535862888,0.29338498303671173,34.09589375152412
Angola,AGO,2023-11-18,2023-11-18,69635.13,5088.1587,138846.36,2023-11-12,1936,6,67699.13,35.96855888429752,2.7802059104362984,Reported below excess 95% interval,4.8428283907037235,3.286905352972375,3.582645192526216,3496.855888429752
Bulgaria,BGR,2023-11-18,2023-11-18,68951.48,68470.484,70161.37,2023-11-12,38540,6,30411.479999999996,1.789088738972496,55.89437674144196,Reported below excess 95% interval,4.8385435924688664,4.585911710319434,0.5817064058523109,78.90887389724959
Venezuela,VEN,2023-11-18,2023-11-18,68582.33,15729.869,112057.21,2023-11-12,5856,6,62726.33,11.711463456284154,8.538642533725524,Reported below excess 95% interval,4.836212235648472,3.7676010680503356,2.460568144718431,1071.1463456284152
Malawi,MWI,2023-11-18,2023-11-18,65923.125,3597.6157,81479.9,2023-11-12,2686,6,63237.125,24.54323343261355,4.074442769513733,Reported below excess 95% interval,4.8190377863420935,3.4291060083326967,3.200436192323146,2354.323343261355
Chad,TCD,2023-11-18,2023-11-18,65740.03,-3431.5955,85021.04,2023-11-12,194,6,65546.03,338.8661340206186,0.29510178197363157,Reported within excess 95% interval,4.817829897932881,2.287801729930226,5.825605144497948,33786.613402061856
Chile,CHL,2023-11-18,2023-11-18,64327.984,62441.844,65809.766,2023-11-12,61896,6,2431.9839999999967,1.0392914566369393,96.21939963173726,Reported below excess 95% interval,4.808399941087997,4.7916625838495435,0.03853918927338068,3.929145663693933
Cambodia,KHM,2023-11-18,2023-11-18,64151.87,13384.04,74515.805,2023-11-12,3056,6,61095.87,20.992104057591625,4.76369589849836,Reported below excess 95% interval,4.807209320396753,3.485153349903652,3.044146369761189,1999.2104057591623
Zambia,ZMB,2023-11-18,2023-11-18,63656.777,23137.252,93687.27,2023-11-12,4069,6,59587.777,15.644329565003687,6.392092392613594,Reported below excess 95% interval,4.803844646120527,3.6094876898532853,2.7501085232146907,1464.4329565003686
Uzbekistan,UZB,2023-11-18,2023-11-18,63427.38,61469.355,67567,2023-11-12,1016,6,62411.38,62.428523622047244,1.6018318902656865,Reported below excess 95% interval,4.802276772330099,3.0068937079479006,4.13402228026042,6142.852362204724
Niger,NER,2023-11-18,2023-11-18,63338.94,-248.62651,101631.53,2023-11-12,315,6,63023.94,201.076,0.49732439475621154,Reported within excess 95% interval,4.801670791021954,2.4983105537896004,5.303682946046447,20007.6
Cameroon,CMR,2023-11-18,2023-11-18,62433.145,14273.222,146890.98,2023-11-12,1974,6,60459.145,31.627733029381965,3.161782095071456,Reported below excess 95% interval,4.79541521258215,3.295347148333618,3.4540343632151056,3062.7733029381966
Bolivia,BOL,2023-11-18,2023-11-18,60906.46,58841.96,76373.45,2023-11-12,22385,6,38521.46,2.7208603975876704,36.75308005095026,Reported below excess 95% interval,4.784663358208637,4.349957098719464,1.0009481529309727,172.08603975876704
Mali,MLI,2023-11-18,2023-11-18,60856.15,4680.0977,90918.695,2023-11-12,743,6,60113.15,81.90598923283984,1.2209119374130637,Reported below excess 95% interval,4.784304473709891,2.8709888137605755,4.405572116791361,8090.598923283984
Cuba,CUB,2023-11-18,2023-11-18,60418.402,56261.516,66823.67,2023-11-12,8530,6,51888.402,7.083048300117233,14.11821517556853,Reported below excess 95% interval,4.7811692344798,3.930949031167523,1.9577043659092168,608.3048300117233
Serbia,SRB,2023-11-18,2023-11-18,60347.273,59917.645,61924.77,2023-11-12,18057,6,42290.273,3.3420431411640914,29.921816019756186,Reported below excess 95% interval,4.780657649780335,4.256645598044452,1.206582338876267,234.20431411640914
Cote d'Ivoire,CIV,2023-11-18,2023-11-18,58742.867,-3006.339,93586.76,2023-11-12,835,6,57907.867,70.35073892215568,1.421449177821028,Reported within excess 95% interval,4.768955138848247,2.921686475483602,4.253493287018466,6935.073892215569
Netherlands,NLD,2023-11-18,2023-11-18,56855.02,56206.18,58092.062,2023-11-12,22986,6,33869.02,2.4734629774645436,40.429147681242576,Reported below excess 95% interval,4.754768816641134,4.361463402366721,0.905619183902109,147.34629774645435
Guatemala,GTM,2023-11-18,2023-11-18,56361.91,45486.188,64751.6,2023-11-12,20201,6,36160.91,2.7900554427998614,35.84158166392871,Reported below excess 95% interval,4.750985702116615,4.305372868641297,1.0260614676071058,179.00554427998617
Somalia,SOM,2023-11-18,2023-11-18,55925.586,5090.4414,94838.11,2023-11-12,1361,6,54564.586,41.091540044085235,2.4335909506607583,Reported below excess 95% interval,4.7476105434210245,3.133858125203335,3.715802261971145,4009.1540044085236
Burkina Faso,BFA,2023-11-18,2023-11-18,51712.62,-5520.1353,100100.84,2023-11-12,396,6,51316.62,130.58742424242425,0.7657705217797899,Reported within excess 95% interval,4.71359654169235,2.597695185925512,4.872042920034612,12958.742424242424
Hungary,HUN,2023-11-18,2023-11-18,49026.727,48552.28,50444.26,2023-11-12,48854,6,172.72699999999895,1.0035355753878905,99.64768808654104,Reported within excess 95% interval,4.690432900929521,4.688900128071343,0.0035293399341844215,0.3535575387890428
Czechia,CZE,2023-11-18,2023-11-18,46749.332,46310.117,48386.42,2023-11-12,42983,6,3766.332000000002,1.087623758229998,91.94355974968796,Reported below excess 95% interval,4.669775409630214,4.633296723811945,0.08399527817715938,8.762375822999795
Malaysia,MYS,2023-11-18,2023-11-18,43601.39,37621.402,48629.8,2023-11-12,37191,6,6410.389999999999,1.1723640127987953,85.29773936106166,Reported below excess 95% interval,4.639500334674717,4.570437855923994,0.15902223405663424,17.23640127987954
Greece,GRC,2023-11-18,2023-11-18,40407.168,39772.496,41295.297,2023-11-12,37987,6,2420.167999999998,1.0637104272514282,94.01054783151346,Reported below excess 95% interval,4.606458413296589,4.579634996768946,0.06176319903972046,6.371042725142806
Portugal,PRT,2023-11-18,2023-11-18,39500.984,38955.902,40622.42,2023-11-12,27738,6,11762.983999999997,1.4240746989689235,70.221035506356,Reported below excess 95% interval,4.596607914371964,4.4430751438217255,0.35352226875505427,42.40746989689234
Azerbaijan,AZE,2023-11-18,2023-11-18,37092.543,23921.473,59184.918,2023-11-12,10353,6,26739.543,3.5827820921472036,27.911270467489924,Reported below excess 95% interval,4.5692866088208826,4.015066214011149,1.2761396193221657,258.27820921472033
Senegal,SEN,2023-11-18,2023-11-18,36453.227,2857.2454,58526.38,2023-11-12,1971,6,34482.227,18.49478792491121,5.406928719918267,Reported below excess 95% interval,4.561735980013642,3.2946866242794433,2.9174889586012767,1749.478792491121
Rwanda,RWA,2023-11-18,2023-11-18,36326.36,8926.675,63815.02,2023-11-12,1468,6,34858.36,24.745476839237057,4.041142575253892,Reported below excess 95% interval,4.56022188255544,3.166726055580052,3.208642718342938,2374.547683923706
Syria,SYR,2023-11-18,2023-11-18,35500.117,-3769.2356,62880.28,2023-11-12,3163,6,32337.117,11.2235589630098,8.909829790138438,Reported within excess 95% interval,4.550229784389479,3.500099191915723,2.4180150479270752,1022.35589630098
Belgium,BEL,2023-11-18,2023-11-18,33756.812,33338.746,35027.74,2023-11-12,34339,6,-582.1880000000019,0.9830458662162556,101.72465338255284,Reported within excess 95% interval,4.528361425033477,4.535787643742618,-0.01709950049698152,-1.6954133783744487
Australia,AUS,2023-11-18,2023-11-18,33198.13,30189.143,37255.08,2023-11-12,23500,6,9698.129999999996,1.4126863829787233,70.7871196359554,Reported below excess 95% interval,4.521113621247597,4.371067862271736,0.34549312788479536,41.26863829787233
Slovakia,SVK,2023-11-18,2023-11-18,31328.236,30992.74,32066.871,2023-11-12,21174,6,10154.236,1.479561537734958,67.5875909514982,Reported below excess 95% interval,4.49593594173667,4.325802908743613,0.39174578559567746,47.9561537734958
Sri Lanka,LKA,2023-11-18,2023-11-18,31180.12,13643.8,81555.35,2023-11-12,16885,6,14295.12,1.846616523541605,54.15309498488139,Reported within excess 95% interval,4.493877782284431,4.22750106497143,0.6133550584056043,84.6616523541605
South Sudan,SSD,2023-11-18,2023-11-18,30454.791,4157.346,45790.195,2023-11-12,147,6,30307.791,207.17544897959183,0.4826826754450555,Reported below excess 95% interval,4.48365562344479,2.167317334748176,5.333566013884161,20617.544897959186
Tunisia,TUN,2023-11-18,2023-11-18,29821.621,21637.97,51527.46,2023-11-12,29423,6,398.6209999999992,1.0135479386874213,98.66331545156449,Reported within excess 95% interval,4.474531246502004,4.468686951770906,0.013456985926892382,1.3547938687421377
Honduras,HND,2023-11-18,2023-11-18,29598.836,15633.979,48088.324,2023-11-12,11114,6,18484.836,2.6632028072701095,37.54877387745923,Reported below excess 95% interval,4.471274632386074,4.04587039244936,0.9795294613747393,166.32028072701095
Austria,AUT,2023-11-18,2023-11-18,29060.676,28606.098,29755.826,2023-11-12,22534,6,6526.6759999999995,1.289636815478832,77.54121067245649,Reported below excess 95% interval,4.463305712496591,4.352838289981073,0.25436064034570616,28.963681547883198
El Salvador,SLV,2023-11-18,2023-11-18,28303.635,11258.294,31660.77,2023-11-12,4230,6,24073.635,6.691166666666667,14.945076842603433,Reported below excess 95% interval,4.451842214996541,3.6263403673750423,1.900788248572305,569.1166666666667
Libya,LBY,2023-11-18,2023-11-18,28288.21,16391.904,48544.164,2023-11-12,6437,6,21851.21,4.394626378747864,22.755062974999127,Reported below excess 95% interval,4.451605467368,3.808683509128969,1.480382516999733,339.46263787478637
Lithuania,LTU,2023-11-18,2023-11-18,27409.686,27159.75,27954.473,2023-11-12,9750,6,17659.686,2.811249846153846,35.57136699778319,Reported below excess 95% interval,4.4379040603753825,3.989004615698537,1.0336291695662099,181.12498461538462
Croatia,HRV,2023-11-18,2023-11-18,27032.13,26806.893,27448.303,2023-11-12,18446,6,8586.130000000001,1.4654738154613467,68.23731611234483,Reported below excess 95% interval,4.4318802673339786,4.2659022043017565,0.3821786137020208,46.54738154613467
Bosnia and Herzegovina,BIH,2023-11-18,2023-11-18,25548.021,25227.342,26317.732,2023-11-12,16364,6,9184.021,1.561233255927646,64.0519279360229,Reported below excess 95% interval,4.407357264468113,4.213889470826336,0.445476057614004,56.12332559276461
Papua New Guinea,PNG,2023-11-18,2023-11-18,25508.357,-5173.487,41569.926,2023-11-12,670,6,24838.357,38.072174626865674,2.626590179837925,Reported within excess 95% interval,4.406682486488539,2.8260748027008264,3.6394836905614336,3707.2174626865676
Paraguay,PRY,2023-11-18,2023-11-18,25228.89,24675.02,26705.562,2023-11-12,19931,6,5297.889999999999,1.265811549846972,79.0007011802739,Reported below excess 95% interval,4.4018981432056625,4.299529089146387,0.23571345786078918,26.581154984697207
Saudi Arabia,SAU,2023-11-18,2023-11-18,24987.938,14268.275,98782.375,2023-11-12,9646,6,15341.937999999998,2.590497408252125,38.60262499450735,Reported below excess 95% interval,4.3977304197051,3.984347257585864,0.9518499067904934,159.0497408252125
Georgia,GEO,2023-11-18,2023-11-18,24527.752,24158.896,26010.867,2023-11-12,17132,6,7395.752,1.4316922717721223,69.84741202536621,Reported below excess 95% interval,4.389657746382771,4.233808065724531,0.3588571514315458,43.169227177212235
Nicaragua,NIC,2023-11-18,2023-11-18,23595.463,14384.346,30639.143,2023-11-12,245,6,23350.463,96.30801224489795,1.0383352087644986,Reported below excess 95% interval,4.372828503669741,2.3891660843645326,4.567551516224677,9530.801224489795
Laos,LAO,2023-11-18,2023-11-18,23409.91,11279.023,43857.523,2023-11-12,671,6,22738.91,34.888092399403874,2.866307474056927,Reported below excess 95% interval,4.369399744043548,2.826722520168992,3.552145578994992,3388.8092399403877
Benin,BEN,2023-11-18,2023-11-18,23132.209,-2493.509,60255.867,2023-11-12,163,6,22969.209,141.9153926380368,0.7046451983898295,Reported within excess 95% interval,4.364217107509158,2.2121876044039577,4.955231053533418,14091.539263803681
Switzerland,CHE,2023-11-18,2023-11-18,22707.557,22497.152,23655.227,2023-11-12,14096,6,8611.557,1.6109220346197504,62.076250650829586,Reported below excess 95% interval,4.3561704130180505,4.149095891067972,0.47680670738111736,61.09220346197503
Haiti,HTI,2023-11-18,2023-11-18,21251.96,1160.4194,46461.215,2023-11-12,860,6,20391.96,24.711581395348837,4.046685576295081,Reported below excess 95% interval,4.327398989818368,2.934498451243568,3.2072720161457138,2371.1581395348835
Togo,TGO,2023-11-18,2023-11-18,20470.287,-243.60272,36505.715,2023-11-12,290,6,20180.287,70.58719655172413,1.4166875139562038,Reported within excess 95% interval,4.311123931653348,2.462397997898956,4.25684877609436,6958.719655172414
Sweden,SWE,2023-11-18,2023-11-18,20211.719,19933.592,21502.84,2023-11-12,25286,6,-5074.280999999999,0.7993244878588943,125.10563797171334,Reported above excess 95% interval,4.305603251687817,4.402880133602107,-0.22398829818878596,-20.067551214110573
Burundi,BDI,2023-11-18,2023-11-18,19826.957,-3184.2427,53228.49,2023-11-12,15,6,19811.957,1321.7971333333332,0.07565457472873927,Reported within excess 95% interval,4.2972560647086695,1.1760912590556813,7.186747554274229,132079.71333333332
Tajikistan,TJK,2023-11-18,2023-11-18,19810.904,13514.8,34347.668,2023-11-12,125,6,19685.904,158.48723199999998,0.6309656540660639,Reported below excess 95% interval,4.296904293471611,2.0969100130080562,5.065674034867543,15748.723199999999
Guinea,GIN,2023-11-18,2023-11-18,19447.97,-4504.007,54026.605,2023-11-12,468,6,18979.97,41.555491452991454,2.4064208243842415,Reported within excess 95% interval,4.288874275902921,2.670245853074124,3.727029677502051,4055.5491452991455
Moldova,MDA,2023-11-18,2023-11-18,19029.746,18243.424,21327.783,2023-11-12,12154,6,6875.745999999999,1.5657187757116997,63.86842998324833,Reported below excess 95% interval,4.27943299156949,4.084719232011298,0.4483450001595226,56.57187757116997
Lebanon,LBN,2023-11-18,2023-11-18,18813.475,14962.287,22898.58,2023-11-12,10947,6,7866.4749999999985,1.7185964191102583,58.187017549921,Reported below excess 95% interval,4.274469020640108,4.03929511808431,0.5415079222862139,71.85964191102585
Puerto Rico,PRI,2023-11-18,2023-11-18,17858.902,3692.39,24263.969,2023-11-12,5938,6,11920.901999999998,3.007561805321657,33.24952452284021,Reported within excess 95% interval,4.251854754104609,3.7736401932600256,1.1011297190534313,200.75618053216567
North Macedonia,MKD,2023-11-18,2023-11-18,17391.137,17227.914,17790.11,2023-11-12,9960,6,7431.136999999999,1.7460980923694778,57.27055108587783,Reported below excess 95% interval,4.240327976291611,3.998259338423699,0.5573836370360288,74.60980923694777
Albania,ALB,2023-11-18,2023-11-18,16000.287,15365.758,17339.898,2023-11-12,3604,6,12396.287,4.43959128745838,22.524595965059877,Reported below excess 95% interval,4.204127772743327,3.5567847823070253,1.4905623198328148,343.959128745838
Finland,FIN,2023-11-18,2023-11-18,15972.805,15737.43,16492.959,2023-11-12,11219,6,4753.805,1.4237280506283982,70.23813287647349,Reported below excess 95% interval,4.203381189717142,4.049954148022047,0.35327881906930175,42.372805062839824
Jordan,JOR,2023-11-18,2023-11-18,14932.913,12697.946,19535.283,2023-11-12,14122,6,810.9130000000005,1.0574219657272341,94.5696261673794,Reported within excess 95% interval,4.174144534880062,4.14989620715876,0.055833837941102846,5.742196572723413
Israel,ISR,2023-11-18,2023-11-18,14865.506,14068.644,15776.394,2023-11-12,12707,6,2158.5059999999994,1.169867474620288,85.47976772536367,Reported below excess 95% interval,4.172179696539124,4.104043029922009,0.15689047283887478,16.9867474620288
Congo,COG,2023-11-18,2023-11-18,13386.141,-819.0918,30758.086,2023-11-12,389,6,12997.141,34.4116735218509,2.9059906062546332,Reported within excess 95% interval,4.126655395237886,2.5899496013257077,3.538395853379763,3341.16735218509
Kyrgyzstan,KGZ,2023-11-18,2023-11-18,12582.1045,11567.265,14010.452,2023-11-12,1024,6,11558.1045,12.28721142578125,8.138543118919415,Reported below excess 95% interval,4.099753287873697,3.010299956639812,2.5085590000118474,1128.721142578125
Armenia,ARM,2023-11-18,2023-11-18,12291.205,11041.691,18424.51,2023-11-12,8769,6,3522.205,1.4016655262857793,71.3436965700271,Reported below excess 95% interval,4.089594462153916,3.942950070077099,0.33766119116725263,40.166552628577946
Latvia,LVA,2023-11-18,2023-11-18,10808.713,10664.27,11131.958,2023-11-12,7430,6,3378.7129999999997,1.4547393001345894,68.74083898795352,Reported below excess 95% interval,4.033773985324876,3.8709888137605755,0.37482670940443763,45.47393001345895
Ireland,IRL,2023-11-18,2023-11-18,10443.477,10313.766,11032.295,2023-11-12,9340,6,1103.4770000000008,1.1181452890792292,89.4338159599528,Reported below excess 95% interval,4.018845114615736,3.9703468762300935,0.11167132074325224,11.81452890792292
Panama,PAN,2023-11-18,2023-11-18,10042.727,5824.124,12949.196,2023-11-12,8651,6,1391.7270000000008,1.160874696566871,86.14194132729088,Reported within excess 95% interval,4.001851657056257,3.937066312017428,0.1491737697308816,16.087469656687094
Norway,NOR,2023-11-18,2023-11-18,9742.008,9547.927,10029.2,2023-11-12,5732,6,4010.008,1.6995826936496858,58.83797262330312,Reported below excess 95% interval,3.98864848187242,3.758306181725307,0.5303827466047029,69.9582693649686
Namibia,NAM,2023-11-18,2023-11-18,9399.463,6720.6514,18068,2023-11-12,4100,6,5299.463,2.292551951219512,43.6195131572942,Reported below excess 95% interval,3.9731030426636793,3.6127838567197355,0.8296655862742747,129.2551951219512
Central African Republic,CAF,2023-11-18,2023-11-18,9363.356,-625.66113,18830.75,2023-11-12,113,6,9250.356,82.86155752212389,1.2068322511714815,Reported within excess 95% interval,3.9714315358165195,2.0530784434834195,4.417171233505226,8186.155752212389
Costa Rica,CRI,2023-11-18,2023-11-18,9298.89,6042.01,11307.115,2023-11-12,9368,6,-69.11000000000058,0.9926227583262168,100.74320698491972,Reported within excess 95% interval,3.968431110312461,3.9716468820643067,-0.007404588098271298,-0.7377241673783154
Sierra Leone,SLE,2023-11-18,2023-11-18,8603.074,-4021.366,32317.104,2023-11-12,125,6,8478.074,68.82459200000001,1.452969020143265,Reported within excess 95% interval,3.93465365853403,2.0969100130080562,4.23156112293264,6782.4592
Jamaica,JAM,2023-11-18,2023-11-18,8272.3955,6139.35,9583.668,2023-11-12,3590,6,4682.3955000000005,2.3042884401114208,43.39734481988923,Reported below excess 95% interval,3.9176312896958967,3.5550944485783194,0.8347719260184849,130.42884401114208
Mauritania,MRT,2023-11-18,2023-11-18,8228.772,3142.481,20358.13,2023-11-12,997,6,7231.772000000001,8.2535325977933809,12.116024116356607,Reported below excess 95% interval,3.9153350292079376,2.998695158311656,2.1106413023697654,725.353259779338
United Arab Emirates,ARE,2023-11-18,2023-11-18,8224.418,5434.149,27473.451,2023-11-12,2349,6,5875.418,3.5012422307364837,28.561291510232092,Reported below excess 95% interval,3.9151051749099754,3.370883016777606,1.253117828592642,250.12422307364832
Liberia,LBR,2023-11-18,2023-11-18,8110.73,-1797.4768,20454.506,2023-11-12,294,6,7816.73,27.58751700680272,3.62482785150042,Reported within excess 95% interval,3.9090599443103073,2.4683473304121573,3.3173633880503663,2658.7517006802723
Botswana,BWA,2023-11-18,2023-11-18,8038.893,6703.1465,16899.598,2023-11-12,2800,6,5238.893,2.8710332142857142,34.83066636164955,Reported below excess 95% interval,3.9051962481151334,3.4471580313422194,1.054671969962887,187.10332142857143
Uruguay,URY,2023-11-18,2023-11-18,7841.5693,7235.5303,8621.689,2023-11-12,7656,6,185.5693000000001,1.0242384143155696,97.63351833159211,Reported within excess 95% interval,3.894402984894797,3.8840019247687874,0.023949325997485883,2.42384143155695
Denmark,DNK,2023-11-18,2023-11-18,7840.635,7604.609,8035.11,2023-11-12,8918,6,-1077.3649999999998,0.8791920834267773,113.74078757651644,Reported above excess 95% interval,3.8943512368972377,3.9502674680135885,-0.12875188022491885,-12.080791657322266
Singapore,SGP,2023-11-18,2023-11-18,7650.0083,6606.8535,9173.476,2023-11-12,1933,6,5717.0083,3.9575831867563376,25.26794644131301,Reported below excess 95% interval,3.8836619063486824,3.286231854028553,1.3756335325789824,295.75831867563375
Kuwait,KWT,2023-11-18,2023-11-18,7484.431,6348.679,9048.628,2023-11-12,2570,6,4914.431,2.912229961089494,34.33794766763165,Reported below excess 95% interval,3.8741587889204463,3.4099331233312946,1.0689190973708202,191.22299610894942
Slovenia,SVN,2023-11-18,2023-11-18,6464.953,6394.8945,6748.2407,2023-11-12,9536,6,-3071.0469999999996,0.6779522860738255,147.5030058223161,Reported above excess 95% interval,3.8105653719209998,3.979366242396161,-0.38867836804052563,-32.204771392617445
Trinidad and Tobago,TTO,2023-11-18,2023-11-18,6330.728,3357.2898,8337.135,2023-11-12,4390,6,1940.728,1.442079271070615,69.34431553527493,Reported within excess 95% interval,3.8014536544412736,3.6424645202421213,0.36608601035499755,44.20792710706151
Dominican Republic,DOM,2023-11-18,2023-11-18,5973.563,912.35394,10996.685,2023-11-12,4384,6,1589.563,1.3625828010948906,73.39003539428646,Reported within excess 95% interval,3.776233448326628,3.641870545476313,0.30938201715454383,36.25828010948906
Gabon,GAB,2023-11-18,2023-11-18,5713.9556,799.90625,9463.562,2023-11-12,307,6,5406.9556,18.612233224755702,5.372810387256072,Reported below excess 95% interval,3.7569368613967566,2.4871383754771865,2.923819064784812,1761.2233224755703
Palestine,PSE,2023-11-18,2023-11-18,5708.0503,3322.1494,13333.805,2023-11-12,5708,6,0.05029999999987922,1.0000088121934128,99.99911878842413,Reported within excess 95% interval,3.7564877915127197,3.756483964442609,8.812154585606695e-6,8.812193412732869e-4
Estonia,EST,2023-11-18,2023-11-18,5417.0537,5369.6016,5478.629,2023-11-12,2914,6,2503.0537000000004,1.8589751887439947,53.79307943725941,Reported below excess 95% interval,3.7337631408296033,3.4644895474339714,0.6200253620897216,85.89751887439947
Guinea-Bissau,GNB,2023-11-18,2023-11-18,5203.8887,-195.28706,9829.872,2023-11-12,177,6,5026.8887,29.400501129943507,3.401302568212114,Reported within excess 95% interval,3.7163279993628877,2.247973266361807,3.3810117194355414,2840.0501129943505
Lesotho,LSO,2023-11-18,2023-11-18,4957.4243,2393.6235,9125.238,2023-11-12,709,6,4248.4243,6.992135825105782,14.301781673196706,Reported below excess 95% interval,3.6952560912397634,2.8506462351830666,1.9447860639519965,599.2135825105782
Kosovo,OWID_KOS,2023-11-18,2023-11-18,4317.6616,3956.6548,5509.8477,2023-11-12,3212,6,1105.6616000000004,1.344228393524284,74.3921200308982,Reported below excess 95% interval,3.63524860117288,3.5067755366066433,0.2958201633214789,34.422839352428404
Gambia,GMB,2023-11-18,2023-11-18,4242.665,-381.02606,9773.333,2023-11-12,372,6,3870.665,11.405013440860214,8.768073840380987,Reported within excess 95% interval,3.6276387413128885,2.5705429398818973,2.434053034241594,1040.5013440860216
Bahrain,BHR,2023-11-18,2023-11-18,3945.6045,2361.0984,7134.0625,2023-11-12,1536,6,2409.6045,2.5687529296875,38.92939598989204,Reported below excess 95% interval,3.5961135502329666,3.186391215695493,0.9434205397727061,156.87529296875
East Timor,TLS,2023-11-18,2023-11-18,3788.9814,572.73267,5670.0034,2023-11-12,138,6,3650.9814,27.45638695652174,3.6421398109792777,Reported below excess 95% interval,3.578522473341187,2.1398790864012365,3.3125988169023954,2645.638695652174
Montenegro,MNE,2023-11-18,2023-11-18,3730.364,3624.7654000000002,3995.6765,2023-11-12,2654,6,1076.364,1.4055629238884702,71.14587209183875,Reported below excess 95% interval,3.571751211293533,3.4239009185284166,0.3404378801157613,40.55629238884703
Oman,OMN,2023-11-18,2023-11-18,3704.7324,3412.4128,4269.4194,2023-11-12,4628,6,-923.2676,0.8005039757994814,124.92130335783496,Reported above excess 95% interval,3.5687568435162773,3.665393350279712,-0.2225137799125029,-19.94960242005186
Guyana,GUY,2023-11-18,2023-11-18,3640.3018,2415.357,6269.4155,2023-11-12,1299,6,2341.3018,2.8023878367975366,35.68385456392654,Reported below excess 95% interval,3.561137390418642,3.1136091510730277,1.0304718526110817,180.23878367975368
Eswatini,SWZ,2023-11-18,2023-11-18,3619.9094,3065.2515,7015.153,2023-11-12,1427,6,2192.9094,2.5367269796776455,39.42087611363975,Reported below excess 95% interval,3.5586977010380134,3.154423973114647,0.9308746594054748,153.67269796776455
Eritrea,ERI,2023-11-18,2023-11-18,2941.2556,-47.862015,12748.225,2023-11-12,103,6,2838.2556,28.555879611650486,3.501905784726768,Reported within excess 95% interval,3.4685327670593122,2.012837224705172,3.351862855762525,2755.5879611650485
Reunion,REU,2023-11-18,2023-11-18,2797.064,400.63135,10760.551,2023-11-12,921,6,1876.064,3.036985884907709,32.927383856786975,Reported within excess 95% interval,3.446702403636043,2.964259630196849,1.110865538343792,203.6985884907709
Martinique,MTQ,2023-11-18,2023-11-18,2350.8384,506.23102,3032.5212,2023-11-12,1104,6,1246.8384,2.129382608695652,46.96196897243128,Reported within excess 95% interval,3.3712227761260345,3.0429690733931802,0.7558320826327692,112.93826086956523
Mauritius,MUS,2023-11-18,2023-11-18,2331.9917,1882.7301,2937.144,2023-11-12,1055,6,1276.9917,2.210418672985782,45.24029823948344,Reported below excess 95% interval,3.3677270003534368,3.0232524596337114,0.7931819423772098,121.0418672985782
Guadeloupe,GLP,2023-11-18,2023-11-18,2038.3812,290.24927,2991.4126,2023-11-12,1021,6,1017.3812,1.9964556317335946,50.088766517273605,Reported within excess 95% interval,3.3092854051735494,3.0090257420869104,0.6913734242507101,99.64556317335946
Djibouti,DJI,2023-11-18,2023-11-18,2037.6289,371.4955,5192.2593,2023-11-12,189,6,1848.6289,10.781105291005291,9.275486817054862,Reported below excess 95% interval,3.3091250916638035,2.2764618041732443,2.3777950918579864,978.110529100529
Suriname,SUR,2023-11-18,2023-11-18,1910.2092,1688.4503,2754.6143,2023-11-12,1404,6,506.2092,1.3605478632478634,73.49980305822001,Reported below excess 95% interval,3.281080932394529,3.1473671077937864,0.30788745925289013,36.05478632478632
Cyprus,CYP,2023-11-18,2023-11-18,1829.0094,1770.1555,1981.8076,2023-11-12,1364,6,465.0093999999999,1.3409159824046921,74.57588790959741,Reported below excess 95% interval,3.262215937492622,3.13481437032046,0.29335294939469986,34.091598240469196
Qatar,QAT,2023-11-18,2023-11-18,1679.3756,1502.5095,1992.1133,2023-11-12,690,6,989.3756,2.4338776811594203,41.086699127937784,Reported below excess 95% interval,3.2251478389401123,2.838849090737255,0.8894857390541591,143.38776811594204
Equatorial Guinea,GNQ,2023-11-18,2023-11-18,1558.2676,530.95135,6015.7173,2023-11-12,183,6,1375.2676,8.515123497267759,11.743810883316833,Reported below excess 95% interval,3.1926420407716187,2.2624510897304293,2.141843817505397,751.5123497267758
Bahamas,BHS,2023-11-18,2023-11-18,1405.7417,1052.0042,1886.9547,2023-11-12,844,6,561.7417,1.6655707345971564,60.039479514622066,Reported below excess 95% interval,3.1479055279596078,2.926342446625655,0.5101678482373869,66.55707345971565
Fiji,FJI,2023-11-18,2023-11-18,1281.8169,326.4343,4087.1184,2023-11-12,885,6,396.8169,1.4483806779661017,69.04262223411159,Reported within excess 95% interval,3.107825993202456,2.9469432706978256,0.3704461585594596,44.83806779661017
Comoros,COM,2023-11-18,2023-11-18,1152.1033,328.32703,3736.813,2023-11-12,160,6,992.1033,7.200645625,13.887643581960056,Reported below excess 95% interval,3.0614914205877852,2.2041199826559246,1.974170692140772,620.0645625
French Guiana,GUF,2023-11-18,2023-11-18,1105.8662,96.57577,2238.1013,2023-11-12,413,6,692.8661999999999,2.677642130750605,37.3462901750682,Reported within excess 95% interval,3.0437025843675496,2.615950051656401,0.9849366053111387,167.76421307506052
Malta,MLT,2023-11-18,2023-11-18,1063.7272,997.9051,1083.6393,2023-11-12,886,6,177.72720000000004,1.2005950338600453,83.29203201723148,Reported below excess 95% interval,3.026830264495412,2.9474337218870508,0.18281729544527944,20.05950338600452
Mongolia,MNG,2023-11-18,2023-11-18,1054.7936,506.78616,3327.9941,2023-11-12,2284,6,-1229.2064,0.4618185639229422,216.53525391128653,Reported within excess 95% interval,3.023167486031222,3.3586960995738107,-0.7725831838161247,-53.81814360770578
Guam,GUM,2023-11-18,2023-11-18,915.62415,276.66556,1579.9309,2023-11-12,417,6,498.62415,2.195741366906475,45.54270439459248,Reported within excess 95% interval,2.961717238866443,2.6201360549737576,0.7865197420785548,119.57413669064748
Belize,BLZ,2023-11-18,2023-11-18,864.90295,500.41638,1306.3835,2023-11-12,688,6,176.90295000000003,1.2571263808139534,79.54649709542556,Reported within excess 95% interval,2.936967378396501,2.837588438235511,0.22882846617224203,25.71263808139535
Barbados,BRB,2023-11-18,2023-11-18,841.29504,573.6701,861.665,2023-11-12,593,6,248.29503999999997,1.4187100168634064,70.48656794648403,Reported within excess 95% interval,2.924948328465141,2.7730546933642626,0.34974801990395954,41.871001686340634
Curacao,CUW,2023-11-18,2023-11-18,812.0876,363.66483,1273.734,2023-11-12,305,6,507.0875999999999,2.662582295081967,37.55752458232339,Reported below excess 95% interval,2.909602879172979,2.484299839346786,0.9792964395088452,166.2582295081967
Cape Verde,CPV,2023-11-18,2023-11-18,772.80695,566.28845,1470.7854,2023-11-12,416,6,356.80695000000003,1.857709014423077,53.8297436377869,Reported below excess 95% interval,2.88807101911794,2.6190933306267428,0.6193440158678273,85.77090144230769
Maldives,MDV,2023-11-18,2023-11-18,756.9884,544.71716,1647.3009,2023-11-12,316,6,440.9884,2.395532911392405,41.74436490704481,Reported below excess 95% interval,2.8790892244741952,2.499687082618404,0.8736057160871574,139.55329113924049
Brunei,BRN,2023-11-18,2023-11-18,722.79047,97.45874,1234.0602,2023-11-12,163,6,559.79047,4.43429736196319,22.551487155053387,Reported within excess 95% interval,2.8590124177493017,2.2121876044039577,1.4893691729876444,343.429736196319
Jersey,JEY,2023-11-18,2023-11-18,669.0942,-18.462297,900.23175,2023-11-12,161,6,508.0942,4.155864596273292,24.062381649698953,Reported within excess 95% interval,2.8254872652419887,2.2068258760318495,1.4245204924062536,315.5864596273292
Mayotte,MYT,2023-11-18,2023-11-18,668.2147,6.8288693,2829.188,2023-11-12,187,6,481.2147,3.57334064171123,27.985017390368693,Reported within excess 95% interval,2.824916025415644,2.271841606536499,1.273500912227463,257.334064171123
Saint Lucia,LCA,2023-11-18,2023-11-18,590.5795,196.68138,1015.43524,2023-11-12,410,6,180.57950000000005,1.4404378048780488,69.42333758621828,Reported within excess 95% interval,2.77127836780448,2.6127838567197355,0.36494709854511176,44.04378048780489
French Polynesia,PYF,2023-11-18,2023-11-18,549.8299,283.85925,1008.3147,2023-11-12,649,6,-99.17010000000003,0.847195531587057,118.03650547196509,Reported within excess 95% interval,2.7402283532810516,2.812244696800369,-0.165823759039519,-15.280446841294308
Aruba,ABW,2023-11-18,2023-11-18,537.5388,322.05115,577.6012,2023-11-12,292,6,245.53880000000004,1.840886301369863,54.32166012946414,Reported below excess 95% interval,2.7304098174578515,2.4653828514484184,0.6102471411747605,84.08863013698631
New Zealand,NZL,2023-11-18,2023-11-18,428.72922,273.80093,697.9352,2023-11-12,3464,6,-3035.27078,0.12376709584295612,807.9691885708187,Reported above excess 95% interval,2.6321830838192533,3.539577883345309,-2.0893537388490167,-87.62329041570439
United States Virgin Islands,VIR,2023-11-18,2023-11-18,404.99338,27.856266,667.66736,2023-11-12,132,6,272.99338,3.0681316666666665,32.593125349357564,Reported within excess 95% interval,2.607447924318452,2.12057393120585,1.1210687987075638,206.81316666666666
Iceland,ISL,2023-11-18,2023-11-18,401.09268,357.86703,431.9884,2023-11-12,186,6,215.09267999999997,2.156412258064516,46.3733219963027,Reported below excess 95% interval,2.603244736116236,2.2695129442179165,0.7684458490832617,115.64122580645159
Solomon Islands,SLB,2023-11-18,2023-11-18,363.7141,-378.05426,2417.2014,2023-11-12,199,6,164.71409999999997,1.8277090452261304,54.713303663509336,Reported within excess 95% interval,2.5607601375504454,2.298853076409707,0.6030632947325453,82.77090452261305
Bermuda,BMU,2023-11-18,2023-11-18,349.46622,210.794,445.89774,2023-11-12,165,6,184.46622,2.117977090909091,47.21486385722774,Reported below excess 95% interval,2.5434052024662153,2.2174839442139063,0.7504614307416291,111.79770909090911
Monaco,MCO,2023-11-18,2023-11-18,294.96176,241.21298,347.0691,2023-11-12,67,6,227.96176000000003,4.402414328358209,22.71480886200299,Reported below excess 95% interval,2.469765715986749,1.8260748027008264,1.4821531014278888,340.24143283582094
Guernsey,GGY,2023-11-18,2023-11-18,291.1214,-34.9472,474.20895,2023-11-12,67,6,224.1214,4.34509552238806,23.01445376396239,Reported within excess 95% interval,2.4640741311011687,1.8260748027008264,1.4690477429148403,334.50955223880595
Northern Mariana Islands,MNP,2023-11-18,2023-11-18,272.53238,13.595541,423.1313,2023-11-12,41,6,231.53238,6.647131219512195,15.044083936007898,Reported within excess 95% interval,2.435418108887523,1.6127838567197355,1.8941853660278514,564.7131219512195
Isle of Man,IMN,2023-11-18,2023-11-18,271.5706,-67.839355,447.9012,2023-11-12,116,6,155.5706,2.3411258620689654,42.71449118571745,Reported within excess 95% interval,2.4338827518055064,2.0644579892269186,0.8506319512963209,134.11258620689657
Micronesia (country),FSM,2023-11-18,2023-11-18,242.43602,43.35643,753.1636,2023-11-12,65,6,177.43602,3.7297849230769233,26.81119744500013,Reported within excess 95% interval,2.384597145713216,1.8129133566428555,1.3163505706197642,272.97849230769236
Saint Vincent and the Grenadines,VCT,2023-11-18,2023-11-18,232.47112,69.39084,339.10022,2023-11-12,124,6,108.47112,1.8747670967741936,53.33995895920319,Reported within excess 95% interval,2.3663690079628292,2.093421685162235,0.628484436653282,87.47670967741936
Grenada,GRD,2023-11-18,2023-11-18,231.4776,49.23908,430.27902,2023-11-12,238,6,-6.522400000000005,0.9725949579831933,102.81772404759684,Reported within excess 95% interval,2.3645089708741605,2.376576957056512,-0.02778756508594106,-2.7405042016806744
Saint Kitts and Nevis,KNA,2023-11-18,2023-11-18,222.6025,184.7291,256.90018,2023-11-12,46,6,176.6025,4.8391847826086956,20.664637638840535,Reported below excess 95% interval,2.3475300374924357,1.662757831681574,1.5767462731967405,383.91847826086956
Dominica,DMA,2023-11-18,2023-11-18,205.65208,43.67279,335.64102,2023-11-12,74,6,131.65208,2.779082162162162,35.98310311279127,Reported within excess 95% interval,2.3131331063954206,1.8692317197309762,1.0221207156929355,177.90821621621623
Andorra,AND,2023-11-18,2023-11-18,184.60515,83.642105,471.35938,2023-11-12,159,6,25.60515000000001,1.1610386792452831,86.12977481939154,Reported within excess 95% interval,2.266243812537042,2.2013971243204513,0.14931501761755384,16.103867924528306
Sint Maarten (Dutch part),SXM,2023-11-18,2023-11-18,179.06117,21.593899,320.07816,2023-11-12,92,6,87.06117,1.9463170652173913,51.37909017348653,Reported within excess 95% interval,2.253001417881028,1.9637878273455553,0.6659389022582628,94.63170652173913
Bonaire Sint Eustatius and Saba,BES,2023-11-18,2023-11-18,162.66039,11.632974,216.27693,2023-11-12,41,6,121.66039,3.967326585365854,25.20589062893554,Reported within excess 95% interval,2.2112818092443756,1.6127838567197355,1.3780924636706946,296.7326585365854
Cayman Islands,CYM,2023-11-18,2023-11-18,148.42229,-5.415516,294.50168,2023-11-12,37,6,111.42229,4.0114132432432434,24.928870185199273,Reported within excess 95% interval,2.1714991280121736,1.568201724066995,1.3891436089661755,301.14132432432433
Sao Tome and Principe,STP,2023-11-18,2023-11-18,141.5802,-75.17341,766.48615,2023-11-12,80,6,61.58019999999999,1.7697524999999998,56.50507627478984,Reported within excess 95% interval,2.1510025214893354,1.9030899869919435,0.5708397063000661,76.97524999999999
San Marino,SMR,2023-11-18,2023-11-18,130.96121,122.956856,142.3562,2023-11-12,126,6,4.961209999999994,1.0393746825396826,96.21169505077114,Reported within excess 95% interval,2.1171426790328973,2.100370545117563,0.0386192655311492,3.9374682539682495
Turks and Caicos Islands,TCA,2023-11-18,2023-11-18,107.62601,-18.51554,226.47488,2023-11-12,40,6,67.62601,2.69065025,37.16573716706584,Reported within excess 95% interval,2.031917240051663,1.6020599913279623,0.9897828930266266,169.065025
Saint Martin (French part),MAF,2023-11-18,2023-11-18,98.30367,-14.593243,208.52304,2023-11-12,46,6,52.30367,2.137036304347826,46.79377687526824,Reported within excess 95% interval,1.9925697317791975,1.662757831681574,0.759419964656829,113.7036304347826
British Virgin Islands,VGB,2023-11-18,2023-11-18,73.82452,-11.084444,138.55853,2023-11-12,64,6,9.824520000000009,1.153508125,86.69206382919928,Reported within excess 95% interval,1.868200631904925,1.806179973983887,0.1428078423866647,15.35081250000001
American Samoa,ASM,2023-11-18,2023-11-18,63.76971,-26.484993,188.8421,2023-11-12,34,6,29.769710000000003,1.8755797058823531,53.316849018131016,Reported within excess 95% interval,1.8046144419882568,1.5314789170422551,0.6289177881077666,87.5579705882353
Faroe Islands,FRO,2023-11-18,2023-11-18,53.294655,36.193676,82.743355,2023-11-12,28,6,25.294655,1.9033805357142857,52.53810161638161,Reported below excess 95% interval,1.7266836551728126,1.4471580313422192,0.6436315345421854,90.33805357142856
Anguilla,AIA,2023-11-18,2023-11-18,51.29946,-3.4723594,113.83273,2023-11-12,12,6,39.29946,4.274955,23.3920590976981,Reported within excess 95% interval,1.7101127935668934,1.0791812460476249,1.452773576017532,327.49550000000005
Gibraltar,GIB,2023-11-18,2023-11-18,46.9253,-30.978333,224.90356,2023-11-12,113,6,-66.074700000000007,0.41526814159292036,240.80826334621196,Reported within excess 95% interval,1.6714070578075682,2.0530784434834195,-0.878830843079597,-58.47318584070798
Marshall Islands,MHL,2023-11-18,2023-11-18,41.91221,-36.90536,171.49115,2023-11-12,17,6,24.91221,2.465424117647059,40.560972566228315,Reported within excess 95% interval,1.6223405614661524,1.2304489213782739,0.9023638485353367,146.5424117647059
Luxembourg,LUX,2023-11-18,2023-11-18,35.839935,12.859158,126.064476,2023-11-12,1000,6,-964.160065,0.035839934999999996,2790.1836317504485,Reported above excess 95% interval,1.5543672133459212,3,-3.3286925044931235,-96.41600650000001
New Caledonia,NCL,2023-11-18,2023-11-18,35.71464,-389.38632,866.5905,2023-11-12,314,6,-278.28535999999997,0.11374089171974523,879.1912784225179,Reported within excess 95% interval,1.5528462768376727,2.496929648073215,-2.173832297150523,-88.62591082802547
Liechtenstein,LIE,2023-11-18,2023-11-18,30.598112,18.653515,124.65219,2023-11-12,87,6,-56.401888,0.3517024367816092,284.3312685436278,Reported within excess 95% interval,1.485694629969227,1.9395192526186185,-1.044969810946137,-64.82975632183908
Tuvalu,TUV,2023-11-18,2023-11-18,18.04439,-11.452742,47.43011,2023-11-12,1,6,17.04439,18.04439,5.541888642397997,Reported within excess 95% interval,1.2563422050925732,0,2.892834833145427,1704.439
Montserrat,MSR,2023-11-18,2023-11-18,8.764239,-4.675353,17.369696,2023-11-12,8,6,0.7642389999999999,1.095529875,91.28003013153794,Reported within excess 95% interval,0.9427142122211533,0.9030899869919435,0.09123815033421667,9.552987499999999
Wallis and Futuna,WLF,2023-11-18,2023-11-18,5.8372083,-14.554935,53.03102,2023-11-12,8,6,-2.1627916999999997,0.7296510375,137.051816362284,Reported within excess 95% interval,0.7662051913273729,0.9030899869919435,-0.31518888995477656,-27.034896249999996
Kiribati,KIR,2023-11-18,2023-11-18,5.256246,-106.42299,415.0413,2023-11-12,24,6,-18.743754,0.21901025,456.5996340353933,Reported within excess 95% interval,0.7206756826442773,1.380211241711606,-1.5186367466079251,-78.098975
Palau,PLW,2023-11-18,2023-11-18,4.62389,-36.86112,90.90875,2023-11-12,9,6,-4.37611,0.5137655555555556,194.64130850863663,Reported within excess 95% interval,0.665007493889712,0.9542425094393249,-0.6659882351764397,-48.623444444444445
Nauru,NRU,2023-11-18,2023-11-18,2.0023434,-17.970608,49.993088,2023-11-12,1,6,1.0023434,2.0023434,49.9414835637084,Reported within excess 95% interval,0.30153856062379475,0,0.694318194655231,100.23434
Cook Islands,COK,2023-11-18,2023-11-18,0.27874437,-39.953346,63.713627,2023-11-12,2,6,-1.72125563,0.139372185,717.5032808734396,Reported within excess 95% interval,-0.5547938956123943,0.3010299956639812,-1.9706073342811392,-86.0627815
