Entity,Code,first_date,last_date,observations,excess_death_observations,confirmed_covid_death_observations
Germany,DEU,2020-01-01,2023-12-31,413,204,209
World,OWID_WRL,2020-01-01,2023-12-31,413,204,209
China,CHN,2020-01-01,2023-12-31,412,204,208
Philippines,PHL,2020-01-01,2023-12-31,409,204,205
United Kingdom,GBR,2020-01-01,2023-12-31,409,204,205
Japan,JPN,2020-01-01,2023-12-31,407,204,203
Spain,ESP,2020-01-01,2023-12-31,407,204,203
Iran,IRN,2020-01-01,2023-12-31,406,204,202
Italy,ITA,2020-01-01,2023-12-31,406,204,202
South Korea,KOR,2020-01-01,2023-12-31,406,204,202
United States,USA,2020-01-01,2023-12-31,405,204,201
Argentina,ARG,2020-01-01,2023-12-31,404,204,200
Australia,AUS,2020-01-01,2023-12-31,404,204,200
Finland,FIN,2020-01-01,2023-12-31,404,204,200
Iraq,IRQ,2020-01-01,2023-12-31,404,204,200
Ireland,IRL,2020-01-01,2023-12-31,404,204,200
Netherlands,NLD,2020-01-01,2023-12-31,404,204,200
Peru,PER,2020-01-01,2023-12-31,404,204,200
San Marino,SMR,2020-01-01,2023-12-31,404,204,200
Switzerland,CHE,2020-01-01,2023-12-31,404,204,200
Thailand,THA,2020-01-01,2023-12-31,404,204,200
Zimbabwe,ZWE,2020-01-01,2023-12-31,404,204,200
Albania,ALB,2020-01-01,2023-12-31,403,204,199
Austria,AUT,2020-01-01,2023-12-31,403,204,199
Belgium,BEL,2020-01-01,2023-12-31,403,204,199
Bulgaria,BGR,2020-01-01,2023-12-31,403,204,199
Canada,CAN,2020-01-01,2023-12-31,403,204,199
Cayman Islands,CYM,2020-01-01,2023-12-31,403,204,199
Denmark,DNK,2020-01-01,2023-12-31,403,204,199
Egypt,EGY,2020-01-01,2023-12-31,403,204,199
France,FRA,2020-01-01,2023-12-31,403,204,199
Greece,GRC,2020-01-01,2023-12-31,403,204,199
Guyana,GUY,2020-01-01,2023-12-31,403,204,199
India,IND,2020-01-01,2023-12-31,403,204,199
Indonesia,IDN,2020-01-01,2023-12-31,403,204,199
Lebanon,LBN,2020-01-01,2023-12-31,403,204,199
Luxembourg,LUX,2020-01-01,2023-12-31,403,204,199
Morocco,MAR,2020-01-01,2023-12-31,403,204,199
Norway,NOR,2020-01-01,2023-12-31,403,204,199
Panama,PAN,2020-01-01,2023-12-31,403,204,199
Poland,POL,2020-01-01,2023-12-31,403,204,199
Slovenia,SVN,2020-01-01,2023-12-31,403,204,199
Sudan,SDN,2020-01-01,2023-12-31,403,204,199
Sweden,SWE,2020-01-01,2023-12-31,403,204,199
Ukraine,UKR,2020-01-01,2023-12-31,403,204,199
Andorra,AND,2020-01-01,2023-12-31,402,204,198
Azerbaijan,AZE,2020-01-01,2023-12-31,402,204,198
Bahrain,BHR,2020-01-01,2023-12-31,402,204,198
Bangladesh,BGD,2020-01-01,2023-12-31,402,204,198
Bosnia and Herzegovina,BIH,2020-01-01,2023-12-31,402,204,198
Brazil,BRA,2020-01-01,2023-12-31,402,204,198
Burkina Faso,BFA,2020-01-01,2023-12-31,402,204,198
Costa Rica,CRI,2020-01-01,2023-12-31,402,204,198
Croatia,HRV,2020-01-01,2023-12-31,402,204,198
Cuba,CUB,2020-01-01,2023-12-31,402,204,198
Curacao,CUW,2020-01-01,2023-12-31,402,204,198
Dominican Republic,DOM,2020-01-01,2023-12-31,402,204,198
Ecuador,ECU,2020-01-01,2023-12-31,402,204,198
Guatemala,GTM,2020-01-01,2023-12-31,402,204,198
Hungary,HUN,2020-01-01,2023-12-31,402,204,198
Iceland,ISL,2020-01-01,2023-12-31,402,204,198
Israel,ISR,2020-01-01,2023-12-31,402,204,198
Jamaica,JAM,2020-01-01,2023-12-31,402,204,198
Kosovo,OWID_KOS,2020-01-01,2023-12-31,402,204,198
Malaysia,MYS,2020-01-01,2023-12-31,402,204,198
Mauritius,MUS,2020-01-01,2023-12-31,402,204,198
Mexico,MEX,2020-01-01,2023-12-31,402,204,198
Moldova,MDA,2020-01-01,2023-12-31,402,204,198
North Macedonia,MKD,2020-01-01,2023-12-31,402,204,198
Pakistan,PAK,2020-01-01,2023-12-31,402,204,198
Paraguay,PRY,2020-01-01,2023-12-31,402,204,198
Portugal,PRT,2020-01-01,2023-12-31,402,204,198
Puerto Rico,PRI,2020-01-01,2023-12-31,402,204,198
Serbia,SRB,2020-01-01,2023-12-31,402,204,198
Singapore,SGP,2020-01-01,2023-12-31,402,204,198
Tunisia,TUN,2020-01-01,2023-12-31,402,204,198
Turkey,TUR,2020-01-01,2023-12-31,402,204,198
United Arab Emirates,ARE,2020-01-01,2023-12-31,402,204,198
Afghanistan,AFG,2020-01-01,2023-12-31,401,204,197
Algeria,DZA,2020-01-01,2023-12-31,401,204,197
Armenia,ARM,2020-01-01,2023-12-31,401,204,197
Botswana,BWA,2020-01-01,2023-12-31,401,204,197
Brunei,BRN,2020-01-01,2023-12-31,401,204,197
Cameroon,CMR,2020-01-01,2023-12-31,401,204,197
Chile,CHL,2020-01-01,2023-12-31,401,204,197
Colombia,COL,2020-01-01,2023-12-31,401,204,197
Cyprus,CYP,2020-01-01,2023-12-31,401,204,197
Czechia,CZE,2020-01-01,2023-12-31,401,204,197
Estonia,EST,2020-01-01,2023-12-31,401,204,197
Guadeloupe,GLP,2020-01-01,2023-12-31,401,204,197
Guam,GUM,2020-01-01,2023-12-31,401,204,197
Honduras,HND,2020-01-01,2023-12-31,401,204,197
Jersey,JEY,2020-01-01,2023-12-31,401,204,197
Jordan,JOR,2020-01-01,2023-12-31,401,204,197
Kazakhstan,KAZ,2020-01-01,2023-12-31,401,204,197
Kenya,KEN,2020-01-01,2023-12-31,401,204,197
Lithuania,LTU,2020-01-01,2023-12-31,401,204,197
Mali,MLI,2020-01-01,2023-12-31,401,204,197
Martinique,MTQ,2020-01-01,2023-12-31,401,204,197
New Zealand,NZL,2020-01-01,2023-12-31,401,204,197
Nicaragua,NIC,2020-01-01,2023-12-31,401,204,197
Nigeria,NGA,2020-01-01,2023-12-31,401,204,197
Palestine,PSE,2020-01-01,2023-12-31,401,204,197
Romania,ROU,2020-01-01,2023-12-31,401,204,197
Russia,RUS,2020-01-01,2023-12-31,401,204,197
Saudi Arabia,SAU,2020-01-01,2023-12-31,401,204,197
South Africa,ZAF,2020-01-01,2023-12-31,401,204,197
Sri Lanka,LKA,2020-01-01,2023-12-31,401,204,197
Togo,TGO,2020-01-01,2023-12-31,401,204,197
Trinidad and Tobago,TTO,2020-01-01,2023-12-31,401,204,197
Venezuela,VEN,2020-01-01,2023-12-31,401,204,197
Bahamas,BHS,2020-01-01,2023-12-31,400,204,196
Belarus,BLR,2020-01-01,2023-12-31,400,204,196
Bolivia,BOL,2020-01-01,2023-12-31,400,204,196
Congo,COG,2020-01-01,2023-12-31,400,204,196
Cote d'Ivoire,CIV,2020-01-01,2023-12-31,400,204,196
El Salvador,SLV,2020-01-01,2023-12-31,400,204,196
Gabon,GAB,2020-01-01,2023-12-31,400,204,196
Georgia,GEO,2020-01-01,2023-12-31,400,204,196
Guernsey,GGY,2020-01-01,2023-12-31,400,204,196
Isle of Man,IMN,2020-01-01,2023-12-31,400,204,196
Latvia,LVA,2020-01-01,2023-12-31,400,204,196
Liberia,LBR,2020-01-01,2023-12-31,400,204,196
Libya,LBY,2020-01-01,2023-12-31,400,204,196
Liechtenstein,LIE,2020-01-01,2023-12-31,400,204,196
Mauritania,MRT,2020-01-01,2023-12-31,400,204,196
Mayotte,MYT,2020-01-01,2023-12-31,400,204,196
Myanmar,MMR,2020-01-01,2023-12-31,400,204,196
Niger,NER,2020-01-01,2023-12-31,400,204,196
Northern Mariana Islands,MNP,2020-01-01,2023-12-31,400,204,196
Oman,OMN,2020-01-01,2023-12-31,400,204,196
Qatar,QAT,2020-01-01,2023-12-31,400,204,196
Saint Martin (French part),MAF,2020-01-01,2023-12-31,400,204,196
Sint Maarten (Dutch part),SXM,2020-01-01,2023-12-31,400,204,196
Slovakia,SVK,2020-01-01,2023-12-31,400,204,196
Syria,SYR,2020-01-01,2023-12-31,400,204,196
Tanzania,TZA,2020-01-01,2023-12-31,400,204,196
Uruguay,URY,2020-01-01,2023-12-31,400,204,196
Zambia,ZMB,2020-01-01,2023-12-31,400,204,196
Antigua and Barbuda,ATG,2020-01-01,2023-12-31,399,204,195
Barbados,BRB,2020-01-01,2023-12-31,399,204,195
Belize,BLZ,2020-01-01,2023-12-31,399,204,195
Bermuda,BMU,2020-01-01,2023-12-31,399,204,195
Djibouti,DJI,2020-01-01,2023-12-31,399,204,195
Ethiopia,ETH,2020-01-01,2023-12-31,399,204,195
Haiti,HTI,2020-01-01,2023-12-31,399,204,195
Kuwait,KWT,2020-01-01,2023-12-31,399,204,195
Malawi,MWI,2020-01-01,2023-12-31,399,204,195
Malta,MLT,2020-01-01,2023-12-31,399,204,195
Monaco,MCO,2020-01-01,2023-12-31,399,204,195
Somalia,SOM,2020-01-01,2023-12-31,399,204,195
Suriname,SUR,2020-01-01,2023-12-31,399,204,195
Turks and Caicos Islands,TCA,2020-01-01,2023-12-31,399,204,195
United States Virgin Islands,VIR,2020-01-01,2023-12-31,399,204,195
Aruba,ABW,2020-01-01,2023-12-31,398,204,194
Burundi,BDI,2020-01-01,2023-12-31,398,204,194
Democratic Republic of Congo,COD,2020-01-01,2023-12-31,398,204,194
Eswatini,SWZ,2020-01-01,2023-12-31,398,204,194
Guinea,GIN,2020-01-01,2023-12-31,398,204,194
British Virgin Islands,VGB,2020-01-01,2023-12-31,397,204,193
Equatorial Guinea,GNQ,2020-01-01,2023-12-31,397,204,193
French Guiana,GUF,2020-01-01,2023-12-31,397,204,193
Montserrat,MSR,2020-01-01,2023-12-31,397,204,193
Sierra Leone,SLE,2020-01-01,2023-12-31,397,204,193
Benin,BEN,2020-01-01,2023-12-31,396,204,192
Cape Verde,CPV,2020-01-01,2023-12-31,396,204,192
Chad,TCD,2020-01-01,2023-12-31,396,204,192
Guinea-Bissau,GNB,2020-01-01,2023-12-31,396,204,192
Madagascar,MDG,2020-01-01,2023-12-31,396,204,192
Maldives,MDV,2020-01-01,2023-12-31,396,204,192
Montenegro,MNE,2020-01-01,2023-12-31,396,204,192
Sao Tome and Principe,STP,2020-01-01,2023-12-31,396,204,192
Tajikistan,TJK,2020-01-01,2023-12-31,396,204,192
Yemen,YEM,2020-01-01,2023-12-31,396,204,192
Comoros,COM,2020-01-01,2023-12-31,395,204,191
Nepal,NPL,2020-01-01,2023-12-31,394,204,190
South Sudan,SSD,2020-01-01,2023-12-31,394,204,190
Angola,AGO,2020-01-01,2023-12-31,393,204,189
Central African Republic,CAF,2020-01-01,2023-12-31,393,204,189
Reunion,REU,2020-01-01,2023-12-31,393,204,189
Mozambique,MOZ,2020-01-01,2023-12-31,392,204,188
Rwanda,RWA,2020-01-01,2023-12-31,392,204,188
Lesotho,LSO,2020-01-01,2023-12-31,386,204,182
Namibia,NAM,2020-01-01,2023-12-31,386,204,182
Senegal,SEN,2020-01-01,2023-12-31,386,204,182
Uganda,UGA,2020-01-01,2023-12-31,384,204,180
Fiji,FJI,2020-01-01,2023-12-31,383,204,179
Papua New Guinea,PNG,2020-01-01,2023-12-31,383,204,179
Vietnam,VNM,2020-01-01,2023-12-31,383,204,179
French Polynesia,PYF,2020-01-01,2023-12-31,377,204,173
Bonaire Sint Eustatius and Saba,BES,2020-01-01,2023-12-31,376,204,172
Ghana,GHA,2020-01-01,2023-12-31,375,204,171
Gambia,GMB,2020-01-01,2023-12-31,374,204,170
Gibraltar,GIB,2020-01-01,2023-12-31,368,204,164
Saint Lucia,LCA,2020-01-01,2023-12-31,368,204,164
Mongolia,MNG,2020-01-01,2023-12-31,363,204,159
Eritrea,ERI,2020-01-01,2023-12-31,362,204,158
Bhutan,BTN,2020-01-01,2023-12-31,360,204,156
Faroe Islands,FRO,2020-01-01,2023-12-31,360,204,156
Grenada,GRD,2020-01-01,2023-12-31,360,204,156
Seychelles,SYC,2020-01-01,2023-12-31,360,204,156
Saint Vincent and the Grenadines,VCT,2020-01-01,2023-12-31,359,204,155
Cambodia,KHM,2020-01-01,2023-12-31,351,204,147
Uzbekistan,UZB,2020-01-01,2023-12-31,349,204,145
East Timor,TLS,2020-01-01,2023-12-31,347,204,143
Laos,LAO,2020-01-01,2023-12-31,343,204,139
Wallis and Futuna,WLF,2020-01-01,2023-12-31,340,204,136
Saint Kitts and Nevis,KNA,2020-01-01,2023-12-31,337,204,133
Kyrgyzstan,KGZ,2020-01-01,2023-12-31,336,204,132
Dominica,DMA,2020-01-01,2023-12-31,328,204,124
New Caledonia,NCL,2020-01-01,2023-12-31,325,204,121
Anguilla,AIA,2020-01-01,2023-12-31,323,204,119
Greenland,GRL,2020-01-01,2023-12-31,310,204,106
Solomon Islands,SLB,2020-01-01,2023-12-31,305,204,101
Saint Pierre and Miquelon,SPM,2020-01-01,2023-12-31,304,204,100
Kiribati,KIR,2020-01-01,2023-12-31,303,204,99
Palau,PLW,2020-01-01,2023-12-31,303,204,99
Tonga,TON,2020-01-01,2023-12-31,299,204,95
American Samoa,ASM,2020-01-01,2023-12-31,297,204,93
Samoa,WSM,2020-01-01,2023-12-31,296,204,92
Vanuatu,VUT,2020-01-01,2023-12-31,296,204,92
Cook Islands,COK,2020-01-01,2023-12-31,293,204,89
Nauru,NRU,2020-01-01,2023-12-31,283,204,79
Micronesia (country),FSM,2020-01-01,2023-12-31,280,204,76
Marshall Islands,MHL,2020-01-01,2023-12-31,277,204,73
Tuvalu,TUV,2020-01-01,2023-12-31,233,204,29
Europe,NA,2020-01-05,2023-12-31,209,0,209
European Union,NA,2020-01-05,2023-12-31,209,0,209
High income,NA,2020-01-05,2023-12-31,209,0,209
World excl. China,NA,2020-01-05,2023-12-31,209,0,209
World excl. China and South Korea,NA,2020-01-05,2023-12-31,209,0,209
"World excl. China, South Korea, Japan and Singapore",NA,2020-01-05,2023-12-31,209,0,209
Asia,NA,2020-01-12,2023-12-31,208,0,208
Upper middle income,NA,2020-01-12,2023-12-31,208,0,208
Asia excl. China,NA,2020-02-02,2023-12-31,205,0,205
Lower middle income,NA,2020-02-02,2023-12-31,205,0,205
Falkland Islands,FLK,2020-01-01,2023-11-18,204,204,0
Hong Kong,HKG,2020-01-01,2023-11-18,204,204,0
Macao,MAC,2020-01-01,2023-11-18,204,204,0
Niue,NIU,2020-01-01,2023-11-18,204,204,0
Pitcairn,PCN,2020-01-01,2023-11-18,204,204,0
Saint Helena,SHN,2020-01-01,2023-11-18,204,204,0
Taiwan,TWN,2020-01-01,2023-11-18,204,204,0
Tokelau,TKL,2020-01-01,2023-11-18,204,204,0
Turkmenistan,TKM,2020-01-01,2023-11-18,204,204,0
Vatican,VAT,2020-01-01,2023-11-18,204,204,0
Western Sahara,ESH,2020-01-01,2023-11-18,204,204,0
North America,NA,2020-03-01,2023-12-31,201,0,201
Africa,NA,2020-03-08,2023-12-31,200,0,200
Oceania,NA,2020-03-08,2023-12-31,200,0,200
South America,NA,2020-03-08,2023-12-31,200,0,200
Low income,NA,2020-03-15,2023-12-31,199,0,199
Saint Barthelemy,BLM,2021-03-14,2023-12-31,147,0,147
