Entity,Code,Day,cumulative_estimated_daily_excess_deaths,Total confirmed deaths due to COVID-19,cumulative_estimated_daily_excess_deaths_ci_95_top,cumulative_estimated_daily_excess_deaths_ci_95_bot
Afghanistan,AFG,2023-12-31,NA,7973,NA,NA
Africa,NA,2023-12-31,NA,259063,NA,NA
Albania,ALB,2023-12-31,NA,3604,NA,NA
Algeria,DZA,2023-12-31,NA,6881,NA,NA
American Samoa,ASM,2023-12-31,NA,34,NA,NA
Andorra,AND,2023-12-31,NA,159,NA,NA
Angola,AGO,2023-12-31,NA,1937,NA,NA
Anguilla,AIA,2023-12-31,NA,12,NA,NA
Antigua and Barbuda,ATG,2023-12-31,NA,146,NA,NA
Argentina,ARG,2023-12-31,NA,130687,NA,NA
Armenia,ARM,2023-12-31,NA,8771,NA,NA
Aruba,ABW,2023-12-31,NA,292,NA,NA
Asia,NA,2023-12-31,NA,1635989,NA,NA
Asia excl. China,NA,2023-12-31,NA,1514100,NA,NA
Australia,AUS,2023-12-31,NA,24087,NA,NA
Austria,AUT,2023-12-31,NA,22534,NA,NA
Azerbaijan,AZE,2023-12-31,NA,10353,NA,NA
Bahamas,BHS,2023-12-31,NA,844,NA,NA
Bahrain,BHR,2023-12-31,NA,1536,NA,NA
Bangladesh,BGD,2023-12-31,NA,29477,NA,NA
Barbados,BRB,2023-12-31,NA,593,NA,NA
Belarus,BLR,2023-12-31,NA,7118,NA,NA
Belgium,BEL,2023-12-31,NA,34339,NA,NA
Belize,BLZ,2023-12-31,NA,688,NA,NA
Benin,BEN,2023-12-31,NA,163,NA,NA
Bermuda,BMU,2023-12-31,NA,165,NA,NA
Bhutan,BTN,2023-12-31,NA,21,NA,NA
Bolivia,BOL,2023-12-31,NA,22385,NA,NA
Bonaire Sint Eustatius and Saba,BES,2023-12-31,NA,41,NA,NA
Bosnia and Herzegovina,BIH,2023-12-31,NA,16378,NA,NA
Botswana,BWA,2023-12-31,NA,2800,NA,NA
Brazil,BRA,2023-12-31,NA,702116,NA,NA
British Virgin Islands,VGB,2023-12-31,NA,64,NA,NA
Brunei,BRN,2023-12-31,NA,171,NA,NA
Bulgaria,BGR,2023-12-31,NA,38613,NA,NA
Burkina Faso,BFA,2023-12-31,NA,400,NA,NA
Burundi,BDI,2023-12-31,NA,15,NA,NA
Cambodia,KHM,2023-12-31,NA,3056,NA,NA
Cameroon,CMR,2023-12-31,NA,1974,NA,NA
Canada,CAN,2023-12-31,NA,53595,NA,NA
Cape Verde,CPV,2023-12-31,NA,416,NA,NA
Cayman Islands,CYM,2023-12-31,NA,37,NA,NA
Central African Republic,CAF,2023-12-31,NA,113,NA,NA
Chad,TCD,2023-12-31,NA,194,NA,NA
Chile,CHL,2023-12-31,NA,62168,NA,NA
China,CHN,2023-12-31,NA,121889,NA,NA
Colombia,COL,2023-12-31,NA,142727,NA,NA
Comoros,COM,2023-12-31,NA,160,NA,NA
Congo,COG,2023-12-31,NA,389,NA,NA
Cook Islands,COK,2023-12-31,NA,2,NA,NA
Costa Rica,CRI,2023-12-31,NA,9368,NA,NA
Cote d'Ivoire,CIV,2023-12-31,NA,835,NA,NA
Croatia,HRV,2023-12-31,NA,18487,NA,NA
Cuba,CUB,2023-12-31,NA,8530,NA,NA
Curacao,CUW,2023-12-31,NA,305,NA,NA
Cyprus,CYP,2023-12-31,NA,1364,NA,NA
Czechia,CZE,2023-12-31,NA,43225,NA,NA
Democratic Republic of Congo,COD,2023-12-31,NA,1468,NA,NA
Denmark,DNK,2023-12-31,NA,9068,NA,NA
Djibouti,DJI,2023-12-31,NA,189,NA,NA
Dominica,DMA,2023-12-31,NA,74,NA,NA
Dominican Republic,DOM,2023-12-31,NA,4384,NA,NA
East Timor,TLS,2023-12-31,NA,138,NA,NA
Ecuador,ECU,2023-12-31,NA,36036,NA,NA
Egypt,EGY,2023-12-31,NA,24830,NA,NA
El Salvador,SLV,2023-12-31,NA,4230,NA,NA
Equatorial Guinea,GNQ,2023-12-31,NA,183,NA,NA
Eritrea,ERI,2023-12-31,NA,103,NA,NA
Estonia,EST,2023-12-31,NA,2962,NA,NA
Eswatini,SWZ,2023-12-31,NA,1427,NA,NA
Ethiopia,ETH,2023-12-31,NA,7574,NA,NA
Europe,NA,2023-12-31,NA,2089911,NA,NA
European Union,NA,2023-12-31,NA,1252750,NA,NA
Falkland Islands,FLK,2023-11-18,3.524637,NA,13.533376,-10.385041
Faroe Islands,FRO,2023-12-31,NA,28,NA,NA
Fiji,FJI,2023-12-31,NA,885,NA,NA
Finland,FIN,2023-12-31,NA,11364,NA,NA
France,FRA,2023-12-31,NA,167985,NA,NA
French Guiana,GUF,2023-12-31,NA,413,NA,NA
French Polynesia,PYF,2023-12-31,NA,649,NA,NA
Gabon,GAB,2023-12-31,NA,307,NA,NA
Gambia,GMB,2023-12-31,NA,372,NA,NA
Georgia,GEO,2023-12-31,NA,17132,NA,NA
Germany,DEU,2023-12-31,NA,174979,NA,NA
Ghana,GHA,2023-12-31,NA,1462,NA,NA
Gibraltar,GIB,2023-12-31,NA,113,NA,NA
Greece,GRC,2023-12-31,NA,38224,NA,NA
Greenland,GRL,2023-12-31,NA,21,NA,NA
Grenada,GRD,2023-12-31,NA,238,NA,NA
Guadeloupe,GLP,2023-12-31,NA,1021,NA,NA
Guam,GUM,2023-12-31,NA,419,NA,NA
Guatemala,GTM,2023-12-31,NA,20201,NA,NA
Guernsey,GGY,2023-12-31,NA,67,NA,NA
Guinea,GIN,2023-12-31,NA,468,NA,NA
Guinea-Bissau,GNB,2023-12-31,NA,177,NA,NA
Guyana,GUY,2023-12-31,NA,1299,NA,NA
Haiti,HTI,2023-12-31,NA,860,NA,NA
High income,NA,2023-12-31,NA,2933299,NA,NA
Honduras,HND,2023-12-31,NA,11114,NA,NA
Hong Kong,HKG,2023-11-18,17496.135,NA,20371.055,16111.149
Hungary,HUN,2023-12-31,NA,48917,NA,NA
Iceland,ISL,2023-12-31,NA,186,NA,NA
India,IND,2023-12-31,NA,533346,NA,NA
Indonesia,IDN,2023-12-31,NA,161965,NA,NA
Iran,IRN,2023-12-31,NA,146757,NA,NA
Iraq,IRQ,2023-12-31,NA,25375,NA,NA
Ireland,IRL,2023-12-31,NA,9369,NA,NA
Isle of Man,IMN,2023-12-31,NA,116,NA,NA
Israel,ISR,2023-12-31,NA,12707,NA,NA
Italy,ITA,2023-12-31,NA,193886,NA,NA
Jamaica,JAM,2023-12-31,NA,3590,NA,NA
Japan,JPN,2023-12-31,NA,74694,NA,NA
Jersey,JEY,2023-12-31,NA,161,NA,NA
Jordan,JOR,2023-12-31,NA,14122,NA,NA
Kazakhstan,KAZ,2023-12-31,NA,19072,NA,NA
Kenya,KEN,2023-12-31,NA,5689,NA,NA
Kiribati,KIR,2023-12-31,NA,24,NA,NA
Kosovo,OWID_KOS,2023-12-31,NA,3212,NA,NA
Kuwait,KWT,2023-12-31,NA,2570,NA,NA
Kyrgyzstan,KGZ,2023-12-31,NA,1024,NA,NA
Laos,LAO,2023-12-31,NA,671,NA,NA
Latvia,LVA,2023-12-31,NA,7465,NA,NA
Lebanon,LBN,2023-12-31,NA,10947,NA,NA
Lesotho,LSO,2023-12-31,NA,709,NA,NA
Liberia,LBR,2023-12-31,NA,294,NA,NA
Libya,LBY,2023-12-31,NA,6437,NA,NA
Liechtenstein,LIE,2023-12-31,NA,87,NA,NA
Lithuania,LTU,2023-12-31,NA,9773,NA,NA
Low income,NA,2023-12-31,NA,48031,NA,NA
Lower middle income,NA,2023-12-31,NA,1340924,NA,NA
Luxembourg,LUX,2023-12-31,NA,1000,NA,NA
Macao,MAC,2023-11-18,1357.9471,NA,1431.5585,1301.2847
Madagascar,MDG,2023-12-31,NA,1426,NA,NA
Malawi,MWI,2023-12-31,NA,2686,NA,NA
Malaysia,MYS,2023-12-31,NA,37268,NA,NA
Maldives,MDV,2023-12-31,NA,316,NA,NA
Mali,MLI,2023-12-31,NA,743,NA,NA
Malta,MLT,2023-12-31,NA,887,NA,NA
Marshall Islands,MHL,2023-12-31,NA,17,NA,NA
Martinique,MTQ,2023-12-31,NA,1104,NA,NA
Mauritania,MRT,2023-12-31,NA,997,NA,NA
Mauritius,MUS,2023-12-31,NA,1058,NA,NA
Mayotte,MYT,2023-12-31,NA,187,NA,NA
Mexico,MEX,2023-12-31,NA,334958,NA,NA
Micronesia (country),FSM,2023-12-31,NA,65,NA,NA
Moldova,MDA,2023-12-31,NA,12167,NA,NA
Monaco,MCO,2023-12-31,NA,67,NA,NA
Mongolia,MNG,2023-12-31,NA,2284,NA,NA
Montenegro,MNE,2023-12-31,NA,2654,NA,NA
Montserrat,MSR,2023-12-31,NA,8,NA,NA
Morocco,MAR,2023-12-31,NA,16300,NA,NA
Mozambique,MOZ,2023-12-31,NA,2250,NA,NA
Myanmar,MMR,2023-12-31,NA,19494,NA,NA
Namibia,NAM,2023-12-31,NA,4103,NA,NA
Nauru,NRU,2023-12-31,NA,1,NA,NA
Nepal,NPL,2023-12-31,NA,12031,NA,NA
Netherlands,NLD,2023-12-31,NA,22986,NA,NA
New Caledonia,NCL,2023-12-31,NA,314,NA,NA
New Zealand,NZL,2023-12-31,NA,3623,NA,NA
Nicaragua,NIC,2023-12-31,NA,245,NA,NA
Niger,NER,2023-12-31,NA,315,NA,NA
Nigeria,NGA,2023-12-31,NA,3155,NA,NA
Niue,NIU,2023-11-18,0.0649795,NA,6.0577917,-4.3219285
North America,NA,2023-12-31,NA,1621477,NA,NA
North Macedonia,MKD,2023-12-31,NA,9963,NA,NA
Northern Mariana Islands,MNP,2023-12-31,NA,41,NA,NA
Norway,NOR,2023-12-31,NA,5732,NA,NA
Oceania,NA,2023-12-31,NA,31105,NA,NA
Oman,OMN,2023-12-31,NA,4628,NA,NA
Pakistan,PAK,2023-12-31,NA,30656,NA,NA
Palau,PLW,2023-12-31,NA,9,NA,NA
Palestine,PSE,2023-12-31,NA,5708,NA,NA
Panama,PAN,2023-12-31,NA,8652,NA,NA
Papua New Guinea,PNG,2023-12-31,NA,670,NA,NA
Paraguay,PRY,2023-12-31,NA,19945,NA,NA
Peru,PER,2023-12-31,NA,221583,NA,NA
Philippines,PHL,2023-12-31,NA,66795,NA,NA
Pitcairn,PCN,2023-11-18,-0.008590584,NA,0.14127178,-0.12469234
Poland,POL,2023-12-31,NA,120018,NA,NA
Portugal,PRT,2023-12-31,NA,27853,NA,NA
Puerto Rico,PRI,2023-12-31,NA,5938,NA,NA
Qatar,QAT,2023-12-31,NA,690,NA,NA
Reunion,REU,2023-12-31,NA,921,NA,NA
Romania,ROU,2023-12-31,NA,68601,NA,NA
Russia,RUS,2023-12-31,NA,400967,NA,NA
Rwanda,RWA,2023-12-31,NA,1468,NA,NA
Saint Barthelemy,BLM,2023-12-31,NA,5,NA,NA
Saint Helena,SHN,2023-11-18,3.988362,NA,14.664637,-15.0662775
Saint Kitts and Nevis,KNA,2023-12-31,NA,46,NA,NA
Saint Lucia,LCA,2023-12-31,NA,410,NA,NA
Saint Martin (French part),MAF,2023-12-31,NA,46,NA,NA
Saint Pierre and Miquelon,SPM,2023-12-31,NA,2,NA,NA
Saint Vincent and the Grenadines,VCT,2023-12-31,NA,124,NA,NA
Samoa,WSM,2023-12-31,NA,31,NA,NA
San Marino,SMR,2023-12-31,NA,126,NA,NA
Sao Tome and Principe,STP,2023-12-31,NA,80,NA,NA
Saudi Arabia,SAU,2023-12-31,NA,9646,NA,NA
Senegal,SEN,2023-12-31,NA,1971,NA,NA
Serbia,SRB,2023-12-31,NA,18057,NA,NA
Seychelles,SYC,2023-12-31,NA,172,NA,NA
Sierra Leone,SLE,2023-12-31,NA,125,NA,NA
Singapore,SGP,2023-12-31,NA,1933,NA,NA
Sint Maarten (Dutch part),SXM,2023-12-31,NA,92,NA,NA
Slovakia,SVK,2023-12-31,NA,21186,NA,NA
Slovenia,SVN,2023-12-31,NA,9715,NA,NA
Solomon Islands,SLB,2023-12-31,NA,199,NA,NA
Somalia,SOM,2023-12-31,NA,1361,NA,NA
South Africa,ZAF,2023-12-31,NA,102595,NA,NA
South America,NA,2023-12-31,NA,1354279,NA,NA
South Korea,KOR,2023-12-31,NA,35934,NA,NA
South Sudan,SSD,2023-12-31,NA,147,NA,NA
Spain,ESP,2023-12-31,NA,121852,NA,NA
Sri Lanka,LKA,2023-12-31,NA,16888,NA,NA
Sudan,SDN,2023-12-31,NA,5046,NA,NA
Suriname,SUR,2023-12-31,NA,1404,NA,NA
Sweden,SWE,2023-12-31,NA,26098,NA,NA
Switzerland,CHE,2023-12-31,NA,14169,NA,NA
Syria,SYR,2023-12-31,NA,3163,NA,NA
Taiwan,TWN,2023-11-18,35978.04,NA,36624.156,34995.023
Tajikistan,TJK,2023-12-31,NA,125,NA,NA
Tanzania,TZA,2023-12-31,NA,846,NA,NA
Thailand,THA,2023-12-31,NA,34514,NA,NA
Togo,TGO,2023-12-31,NA,290,NA,NA
Tokelau,TKL,2023-11-18,-0.67429876,NA,4.790956,-4.5091896
Tonga,TON,2023-12-31,NA,12,NA,NA
Trinidad and Tobago,TTO,2023-12-31,NA,4390,NA,NA
Tunisia,TUN,2023-12-31,NA,29423,NA,NA
Turkey,TUR,2023-12-31,NA,101419,NA,NA
Turkmenistan,TKM,2023-11-18,11210.8955,NA,17471.75,-1793.6918
Turks and Caicos Islands,TCA,2023-12-31,NA,40,NA,NA
Tuvalu,TUV,2023-12-31,NA,1,NA,NA
Uganda,UGA,2023-12-31,NA,3632,NA,NA
Ukraine,UKR,2023-12-31,NA,109918,NA,NA
United Arab Emirates,ARE,2023-12-31,NA,2349,NA,NA
United Kingdom,GBR,2023-12-31,NA,232112,NA,NA
United States,USA,2023-12-31,NA,1144877,NA,NA
United States Virgin Islands,VIR,2023-12-31,NA,132,NA,NA
Upper middle income,NA,2023-12-31,NA,2665623,NA,NA
Uruguay,URY,2023-12-31,NA,7660,NA,NA
Uzbekistan,UZB,2023-12-31,NA,1016,NA,NA
Vanuatu,VUT,2023-12-31,NA,14,NA,NA
Vatican,VAT,2023-11-18,0.036373727,NA,3.1067736,-2.1945322
Venezuela,VEN,2023-12-31,NA,5856,NA,NA
Vietnam,VNM,2023-12-31,NA,43206,NA,NA
Wallis and Futuna,WLF,2023-12-31,NA,8,NA,NA
Western Sahara,ESH,2023-11-18,104.80032,NA,3047.6833,-667.015
World,OWID_WRL,2023-12-31,NA,6991829,NA,NA
World excl. China,NA,2023-12-31,NA,6869940,NA,NA
World excl. China and South Korea,NA,2023-12-31,NA,6834006,NA,NA
"World excl. China, South Korea, Japan and Singapore",NA,2023-12-31,NA,6757379,NA,NA
Yemen,YEM,2023-12-31,NA,2159,NA,NA
Zambia,ZMB,2023-12-31,NA,4069,NA,NA
Zimbabwe,ZWE,2023-12-31,NA,5731,NA,NA
