entity,code,excess_deaths,confirmed_covid_deaths,excess_reported_ratio,studentized_residual,cooks_distance
Cook Islands,COK,0.27874437,2,0.139372185,-2.6184828856076696,0.12266842629648315
Burundi,BDI,19826.957,15,1321.7971333333332,3.3548717651108326,0.11092488936657494
Kiribati,KIR,5.256246,24,0.21901025,-2.140333907060475,0.039943644053747826
Palau,PLW,4.62389,9,0.5137655555555556,-1.6647277209898896,0.03322818089574089
Chad,TCD,65740.03,194,338.8661340206186,2.6072223412173128,0.027666942401989147
Wallis and Futuna,WLF,5.8372083,8,0.7296510375,-1.4503134034775973,0.026203680907361606
South Sudan,SSD,30454.791,147,207.17544897959183,2.2730146414945285,0.0234922058531552
Luxembourg,LUX,35.839935,1000,0.035839934999999996,-3.056284962555105,0.0225366252015874
Tajikistan,TJK,19810.904,125,158.48723199999998,2.0917881249181787,0.021213968353986697
Nauru,NRU,2.0023434,1,2.0023434,-0.9540628250201026,0.019899011391125997
New Caledonia,NCL,35.71464,314,0.11374089171974523,-2.3833219737209217,0.01950532588798387
