entity,code,excess_deaths,confirmed_covid_deaths,absolute_difference,excess_reported_ratio
India,IND,7580622.5,533295,7047327.5,14.214688868262407
China,CHN,1821669.2,121873,1699796.2,14.947274621942514
Russia,RUS,1498802.2,400334,1098468.2,3.743879360733787
Pakistan,PAK,826458.75,30656,795802.75,26.959118932672233
Indonesia,IDN,939342.06,161918,777424.06,5.801344260675157
Nigeria,NGA,647407.8,3155,644252.8,205.2005705229794
Ethiopia,ETH,572549.75,7574,564975.75,75.5941048323211
Bangladesh,BGD,590035.2,29477,560558.2,20.01679953862333
Democratic Republic of Congo,COD,378359,1468,376891,257.73773841961855
Egypt,EGY,360435.5,24830,335605.5,14.516129681836489
Mexico,MEX,652801.75,334915,317886.75,1.9491565023961304
Vietnam,VNM,301155.4,43206,257949.4,6.97022172846364
Myanmar,MMR,274737.4,19494,255243.4,14.093433877090389
United States,USA,1369039,1144877,224162,1.1957957055648774
Philippines,PHL,290208.1,66736,223472.1,4.348598957084632
Brazil,BRA,920270.9,702116,218154.9,1.3107106233158055
South Africa,ZAF,296222.88,102595,193627.88,2.8873032798869342
Uganda,UGA,176493.03,3632,172861.03,48.59389592511013
Tanzania,TZA,166299.14,846,165453.14,196.57108747044919
Japan,JPN,239480.25,74694,164786.25,3.2061510964736124
