entity,code,excess_deaths,confirmed_covid_deaths,excess_reported_ratio,absolute_difference
Chad,TCD,65740.03,194,338.8661340206186,65546.03
Democratic Republic of Congo,COD,378359,1468,257.73773841961855,376891
South Sudan,SSD,30454.791,147,207.17544897959183,30307.791
Nigeria,NGA,647407.8,3155,205.2005705229794,644252.8
Niger,NER,63338.94,315,201.076,63023.94
Tanzania,TZA,166299.14,846,196.57108747044919,165453.14
Tajikistan,TJK,19810.904,125,158.48723199999998,19685.904
Benin,BEN,23132.209,163,141.9153926380368,22969.209
Burkina Faso,BFA,51712.62,396,130.58742424242425,51316.62
Nicaragua,NIC,23595.463,245,96.30801224489795,23350.463
Central African Republic,CAF,9363.356,113,82.86155752212389,9250.356
Mali,MLI,60856.15,743,81.90598923283984,60113.15
Ethiopia,ETH,572549.75,7574,75.5941048323211,564975.75
Madagascar,MDG,102654.79,1425,72.03844912280701,101229.79
Togo,TGO,20470.287,290,70.58719655172413,20180.287
Cote d'Ivoire,CIV,58742.867,835,70.35073892215568,57907.867
Sierra Leone,SLE,8603.074,125,68.82459200000001,8478.074
Uzbekistan,UZB,63427.38,1016,62.428523622047244,62411.38
Mozambique,MOZ,129877.37,2250,57.72327555555555,127627.37
Ghana,GHA,76315.34,1462,52.19927496580027,74853.34
