entity,code,n_excess_observations,n_confirmed_observations,first_excess_date,last_excess_date,first_confirmed_date,last_confirmed_date,has_excess,has_confirmed,has_both
Afghanistan,AFG,204,197,2020-01-01,2023-11-18,2020-03-29,2023-12-31,TRUE,TRUE,TRUE
Albania,ALB,204,199,2020-01-01,2023-11-18,2020-03-15,2023-12-31,TRUE,TRUE,TRUE
Algeria,DZA,204,197,2020-01-01,2023-11-18,2020-03-29,2023-12-31,TRUE,TRUE,TRUE
American Samoa,ASM,204,93,2020-01-01,2023-11-18,2022-03-27,2023-12-31,TRUE,TRUE,TRUE
Andorra,AND,204,198,2020-01-01,2023-11-18,2020-03-22,2023-12-31,TRUE,TRUE,TRUE
Angola,AGO,204,189,2020-01-01,2023-11-18,2020-05-24,2023-12-31,TRUE,TRUE,TRUE
Anguilla,AIA,204,119,2020-01-01,2023-11-18,2021-09-26,2023-12-31,TRUE,TRUE,TRUE
Antigua and Barbuda,ATG,204,195,2020-01-01,2023-11-18,2020-04-12,2023-12-31,TRUE,TRUE,TRUE
Argentina,ARG,204,200,2020-01-01,2023-11-18,2020-03-08,2023-12-31,TRUE,TRUE,TRUE
Armenia,ARM,204,197,2020-01-01,2023-11-18,2020-03-29,2023-12-31,TRUE,TRUE,TRUE
Aruba,ABW,204,194,2020-01-01,2023-11-18,2020-04-19,2023-12-31,TRUE,TRUE,TRUE
Australia,AUS,204,200,2020-01-01,2023-11-18,2020-03-08,2023-12-31,TRUE,TRUE,TRUE
Austria,AUT,204,199,2020-01-01,2023-11-18,2020-03-15,2023-12-31,TRUE,TRUE,TRUE
Azerbaijan,AZE,204,198,2020-01-01,2023-11-18,2020-03-22,2023-12-31,TRUE,TRUE,TRUE
Bahamas,BHS,204,196,2020-01-01,2023-11-18,2020-04-05,2023-12-31,TRUE,TRUE,TRUE
Bahrain,BHR,204,198,2020-01-01,2023-11-18,2020-03-22,2023-12-31,TRUE,TRUE,TRUE
Bangladesh,BGD,204,198,2020-01-01,2023-11-18,2020-03-22,2023-12-31,TRUE,TRUE,TRUE
Barbados,BRB,204,195,2020-01-01,2023-11-18,2020-04-12,2023-12-31,TRUE,TRUE,TRUE
Belarus,BLR,204,196,2020-01-01,2023-11-18,2020-04-05,2023-12-31,TRUE,TRUE,TRUE
Belgium,BEL,204,199,2020-01-01,2023-11-18,2020-03-15,2023-12-31,TRUE,TRUE,TRUE
Belize,BLZ,204,195,2020-01-01,2023-11-18,2020-04-12,2023-12-31,TRUE,TRUE,TRUE
Benin,BEN,204,192,2020-01-01,2023-11-18,2020-05-03,2023-12-31,TRUE,TRUE,TRUE
Bermuda,BMU,204,195,2020-01-01,2023-11-18,2020-04-12,2023-12-31,TRUE,TRUE,TRUE
Bhutan,BTN,204,156,2020-01-01,2023-11-18,2021-01-10,2023-12-31,TRUE,TRUE,TRUE
Bolivia,BOL,204,196,2020-01-01,2023-11-18,2020-04-05,2023-12-31,TRUE,TRUE,TRUE
Bonaire Sint Eustatius and Saba,BES,204,172,2020-01-01,2023-11-18,2020-09-20,2023-12-31,TRUE,TRUE,TRUE
Bosnia and Herzegovina,BIH,204,198,2020-01-01,2023-11-18,2020-03-22,2023-12-31,TRUE,TRUE,TRUE
Botswana,BWA,204,197,2020-01-01,2023-11-18,2020-03-29,2023-12-31,TRUE,TRUE,TRUE
Brazil,BRA,204,198,2020-01-01,2023-11-18,2020-03-22,2023-12-31,TRUE,TRUE,TRUE
British Virgin Islands,VGB,204,193,2020-01-01,2023-11-18,2020-04-26,2023-12-31,TRUE,TRUE,TRUE
Brunei,BRN,204,197,2020-01-01,2023-11-18,2020-03-29,2023-12-31,TRUE,TRUE,TRUE
Bulgaria,BGR,204,199,2020-01-01,2023-11-18,2020-03-15,2023-12-31,TRUE,TRUE,TRUE
Burkina Faso,BFA,204,198,2020-01-01,2023-11-18,2020-03-22,2023-12-31,TRUE,TRUE,TRUE
Burundi,BDI,204,194,2020-01-01,2023-11-18,2020-04-19,2023-12-31,TRUE,TRUE,TRUE
Cambodia,KHM,204,147,2020-01-01,2023-11-18,2021-03-14,2023-12-31,TRUE,TRUE,TRUE
Cameroon,CMR,204,197,2020-01-01,2023-11-18,2020-03-29,2023-12-31,TRUE,TRUE,TRUE
Canada,CAN,204,199,2020-01-01,2023-11-18,2020-03-15,2023-12-31,TRUE,TRUE,TRUE
Cape Verde,CPV,204,192,2020-01-01,2023-11-18,2020-05-03,2023-12-31,TRUE,TRUE,TRUE
Cayman Islands,CYM,204,199,2020-01-01,2023-11-18,2020-03-15,2023-12-31,TRUE,TRUE,TRUE
Central African Republic,CAF,204,189,2020-01-01,2023-11-18,2020-05-24,2023-12-31,TRUE,TRUE,TRUE
Chad,TCD,204,192,2020-01-01,2023-11-18,2020-05-03,2023-12-31,TRUE,TRUE,TRUE
Chile,CHL,204,197,2020-01-01,2023-11-18,2020-03-29,2023-12-31,TRUE,TRUE,TRUE
China,CHN,204,208,2020-01-01,2023-11-18,2020-01-12,2023-12-31,TRUE,TRUE,TRUE
Colombia,COL,204,197,2020-01-01,2023-11-18,2020-03-29,2023-12-31,TRUE,TRUE,TRUE
Comoros,COM,204,191,2020-01-01,2023-11-18,2020-05-10,2023-12-31,TRUE,TRUE,TRUE
Congo,COG,204,196,2020-01-01,2023-11-18,2020-04-05,2023-12-31,TRUE,TRUE,TRUE
Cook Islands,COK,204,89,2020-01-01,2023-11-18,2022-04-24,2023-12-31,TRUE,TRUE,TRUE
Costa Rica,CRI,204,198,2020-01-01,2023-11-18,2020-03-22,2023-12-31,TRUE,TRUE,TRUE
Cote d'Ivoire,CIV,204,196,2020-01-01,2023-11-18,2020-04-05,2023-12-31,TRUE,TRUE,TRUE
Croatia,HRV,204,198,2020-01-01,2023-11-18,2020-03-22,2023-12-31,TRUE,TRUE,TRUE
Cuba,CUB,204,198,2020-01-01,2023-11-18,2020-03-22,2023-12-31,TRUE,TRUE,TRUE
Curacao,CUW,204,198,2020-01-01,2023-11-18,2020-03-22,2023-12-31,TRUE,TRUE,TRUE
Cyprus,CYP,204,197,2020-01-01,2023-11-18,2020-03-29,2023-12-31,TRUE,TRUE,TRUE
Czechia,CZE,204,197,2020-01-01,2023-11-18,2020-03-29,2023-12-31,TRUE,TRUE,TRUE
Democratic Republic of Congo,COD,204,194,2020-01-01,2023-11-18,2020-04-19,2023-12-31,TRUE,TRUE,TRUE
Denmark,DNK,204,199,2020-01-01,2023-11-18,2020-03-15,2023-12-31,TRUE,TRUE,TRUE
Djibouti,DJI,204,195,2020-01-01,2023-11-18,2020-04-12,2023-12-31,TRUE,TRUE,TRUE
Dominica,DMA,204,124,2020-01-01,2023-11-18,2021-08-22,2023-12-31,TRUE,TRUE,TRUE
Dominican Republic,DOM,204,198,2020-01-01,2023-11-18,2020-03-22,2023-12-31,TRUE,TRUE,TRUE
East Timor,TLS,204,143,2020-01-01,2023-11-18,2021-04-11,2023-12-31,TRUE,TRUE,TRUE
Ecuador,ECU,204,198,2020-01-01,2023-11-18,2020-03-22,2023-12-31,TRUE,TRUE,TRUE
Egypt,EGY,204,199,2020-01-01,2023-11-18,2020-03-15,2023-12-31,TRUE,TRUE,TRUE
El Salvador,SLV,204,196,2020-01-01,2023-11-18,2020-04-05,2023-12-31,TRUE,TRUE,TRUE
Equatorial Guinea,GNQ,204,193,2020-01-01,2023-11-18,2020-04-26,2023-12-31,TRUE,TRUE,TRUE
Eritrea,ERI,204,158,2020-01-01,2023-11-18,2020-12-27,2023-12-31,TRUE,TRUE,TRUE
Estonia,EST,204,197,2020-01-01,2023-11-18,2020-03-29,2023-12-31,TRUE,TRUE,TRUE
Eswatini,SWZ,204,194,2020-01-01,2023-11-18,2020-04-19,2023-12-31,TRUE,TRUE,TRUE
Ethiopia,ETH,204,195,2020-01-01,2023-11-18,2020-04-12,2023-12-31,TRUE,TRUE,TRUE
Falkland Islands,FLK,204,0,2020-01-01,2023-11-18,NA,NA,TRUE,FALSE,FALSE
Faroe Islands,FRO,204,156,2020-01-01,2023-11-18,2021-01-10,2023-12-31,TRUE,TRUE,TRUE
Fiji,FJI,204,179,2020-01-01,2023-11-18,2020-08-02,2023-12-31,TRUE,TRUE,TRUE
Finland,FIN,204,200,2020-01-01,2023-11-18,2020-03-08,2023-12-31,TRUE,TRUE,TRUE
France,FRA,204,199,2020-01-01,2023-11-18,2020-03-15,2023-12-31,TRUE,TRUE,TRUE
French Guiana,GUF,204,193,2020-01-01,2023-11-18,2020-04-26,2023-12-31,TRUE,TRUE,TRUE
French Polynesia,PYF,204,173,2020-01-01,2023-11-18,2020-09-13,2023-12-31,TRUE,TRUE,TRUE
Gabon,GAB,204,196,2020-01-01,2023-11-18,2020-04-05,2023-12-31,TRUE,TRUE,TRUE
Gambia,GMB,204,170,2020-01-01,2023-11-18,2020-10-04,2023-12-31,TRUE,TRUE,TRUE
Georgia,GEO,204,196,2020-01-01,2023-11-18,2020-04-05,2023-12-31,TRUE,TRUE,TRUE
Germany,DEU,204,209,2020-01-01,2023-11-18,2020-01-05,2023-12-31,TRUE,TRUE,TRUE
Ghana,GHA,204,171,2020-01-01,2023-11-18,2020-09-27,2023-12-31,TRUE,TRUE,TRUE
Gibraltar,GIB,204,164,2020-01-01,2023-11-18,2020-11-15,2023-12-31,TRUE,TRUE,TRUE
Greece,GRC,204,199,2020-01-01,2023-11-18,2020-03-15,2023-12-31,TRUE,TRUE,TRUE
Greenland,GRL,204,106,2020-01-01,2023-11-18,2021-12-26,2023-12-31,TRUE,TRUE,TRUE
Grenada,GRD,204,156,2020-01-01,2023-11-18,2021-01-10,2023-12-31,TRUE,TRUE,TRUE
Guadeloupe,GLP,204,197,2020-01-01,2023-11-18,2020-03-29,2023-12-31,TRUE,TRUE,TRUE
Guam,GUM,204,197,2020-01-01,2023-11-18,2020-03-29,2023-12-31,TRUE,TRUE,TRUE
Guatemala,GTM,204,198,2020-01-01,2023-11-18,2020-03-22,2023-12-31,TRUE,TRUE,TRUE
Guernsey,GGY,204,196,2020-01-01,2023-11-18,2020-04-05,2023-12-31,TRUE,TRUE,TRUE
Guinea,GIN,204,194,2020-01-01,2023-11-18,2020-04-19,2023-12-31,TRUE,TRUE,TRUE
Guinea-Bissau,GNB,204,192,2020-01-01,2023-11-18,2020-05-03,2023-12-31,TRUE,TRUE,TRUE
Guyana,GUY,204,199,2020-01-01,2023-11-18,2020-03-15,2023-12-31,TRUE,TRUE,TRUE
Haiti,HTI,204,195,2020-01-01,2023-11-18,2020-04-12,2023-12-31,TRUE,TRUE,TRUE
Honduras,HND,204,197,2020-01-01,2023-11-18,2020-03-29,2023-12-31,TRUE,TRUE,TRUE
Hong Kong,HKG,204,0,2020-01-01,2023-11-18,NA,NA,TRUE,FALSE,FALSE
Hungary,HUN,204,198,2020-01-01,2023-11-18,2020-03-22,2023-12-31,TRUE,TRUE,TRUE
Iceland,ISL,204,198,2020-01-01,2023-11-18,2020-03-22,2023-12-31,TRUE,TRUE,TRUE
India,IND,204,199,2020-01-01,2023-11-18,2020-03-15,2023-12-31,TRUE,TRUE,TRUE
Indonesia,IDN,204,199,2020-01-01,2023-11-18,2020-03-15,2023-12-31,TRUE,TRUE,TRUE
Iran,IRN,204,202,2020-01-01,2023-11-18,2020-02-23,2023-12-31,TRUE,TRUE,TRUE
Iraq,IRQ,204,200,2020-01-01,2023-11-18,2020-03-08,2023-12-31,TRUE,TRUE,TRUE
Ireland,IRL,204,200,2020-01-01,2023-11-18,2020-03-08,2023-12-31,TRUE,TRUE,TRUE
Isle of Man,IMN,204,196,2020-01-01,2023-11-18,2020-04-05,2023-12-31,TRUE,TRUE,TRUE
Israel,ISR,204,198,2020-01-01,2023-11-18,2020-03-22,2023-12-31,TRUE,TRUE,TRUE
Italy,ITA,204,202,2020-01-01,2023-11-18,2020-02-23,2023-12-31,TRUE,TRUE,TRUE
Jamaica,JAM,204,198,2020-01-01,2023-11-18,2020-03-22,2023-12-31,TRUE,TRUE,TRUE
Japan,JPN,204,203,2020-01-01,2023-11-18,2020-02-16,2023-12-31,TRUE,TRUE,TRUE
Jersey,JEY,204,197,2020-01-01,2023-11-18,2020-03-29,2023-12-31,TRUE,TRUE,TRUE
Jordan,JOR,204,197,2020-01-01,2023-11-18,2020-03-29,2023-12-31,TRUE,TRUE,TRUE
Kazakhstan,KAZ,204,197,2020-01-01,2023-11-18,2020-03-29,2023-12-31,TRUE,TRUE,TRUE
Kenya,KEN,204,197,2020-01-01,2023-11-18,2020-03-29,2023-12-31,TRUE,TRUE,TRUE
Kiribati,KIR,204,99,2020-01-01,2023-11-18,2022-02-13,2023-12-31,TRUE,TRUE,TRUE
Kosovo,OWID_KOS,204,198,2020-01-01,2023-11-18,2020-03-22,2023-12-31,TRUE,TRUE,TRUE
Kuwait,KWT,204,195,2020-01-01,2023-11-18,2020-04-12,2023-12-31,TRUE,TRUE,TRUE
Kyrgyzstan,KGZ,204,132,2020-01-01,2023-11-18,2021-06-27,2023-12-31,TRUE,TRUE,TRUE
Laos,LAO,204,139,2020-01-01,2023-11-18,2021-05-09,2023-12-31,TRUE,TRUE,TRUE
Latvia,LVA,204,196,2020-01-01,2023-11-18,2020-04-05,2023-12-31,TRUE,TRUE,TRUE
Lebanon,LBN,204,199,2020-01-01,2023-11-18,2020-03-15,2023-12-31,TRUE,TRUE,TRUE
Lesotho,LSO,204,182,2020-01-01,2023-11-18,2020-07-12,2023-12-31,TRUE,TRUE,TRUE
Liberia,LBR,204,196,2020-01-01,2023-11-18,2020-04-05,2023-12-31,TRUE,TRUE,TRUE
Libya,LBY,204,196,2020-01-01,2023-11-18,2020-04-05,2023-12-31,TRUE,TRUE,TRUE
Liechtenstein,LIE,204,196,2020-01-01,2023-11-18,2020-04-05,2023-12-31,TRUE,TRUE,TRUE
Lithuania,LTU,204,197,2020-01-01,2023-11-18,2020-03-29,2023-12-31,TRUE,TRUE,TRUE
Luxembourg,LUX,204,199,2020-01-01,2023-11-18,2020-03-15,2023-12-31,TRUE,TRUE,TRUE
Macao,MAC,204,0,2020-01-01,2023-11-18,NA,NA,TRUE,FALSE,FALSE
Madagascar,MDG,204,192,2020-01-01,2023-11-18,2020-05-03,2023-12-31,TRUE,TRUE,TRUE
Malawi,MWI,204,195,2020-01-01,2023-11-18,2020-04-12,2023-12-31,TRUE,TRUE,TRUE
Malaysia,MYS,204,198,2020-01-01,2023-11-18,2020-03-22,2023-12-31,TRUE,TRUE,TRUE
Maldives,MDV,204,192,2020-01-01,2023-11-18,2020-05-03,2023-12-31,TRUE,TRUE,TRUE
Mali,MLI,204,197,2020-01-01,2023-11-18,2020-03-29,2023-12-31,TRUE,TRUE,TRUE
Malta,MLT,204,195,2020-01-01,2023-11-18,2020-04-12,2023-12-31,TRUE,TRUE,TRUE
Marshall Islands,MHL,204,73,2020-01-01,2023-11-18,2022-08-14,2023-12-31,TRUE,TRUE,TRUE
Martinique,MTQ,204,197,2020-01-01,2023-11-18,2020-03-29,2023-12-31,TRUE,TRUE,TRUE
Mauritania,MRT,204,196,2020-01-01,2023-11-18,2020-04-05,2023-12-31,TRUE,TRUE,TRUE
Mauritius,MUS,204,198,2020-01-01,2023-11-18,2020-03-22,2023-12-31,TRUE,TRUE,TRUE
Mayotte,MYT,204,196,2020-01-01,2023-11-18,2020-04-05,2023-12-31,TRUE,TRUE,TRUE
Mexico,MEX,204,198,2020-01-01,2023-11-18,2020-03-22,2023-12-31,TRUE,TRUE,TRUE
Micronesia (country),FSM,204,76,2020-01-01,2023-11-18,2022-07-24,2023-12-31,TRUE,TRUE,TRUE
Moldova,MDA,204,198,2020-01-01,2023-11-18,2020-03-22,2023-12-31,TRUE,TRUE,TRUE
Monaco,MCO,204,195,2020-01-01,2023-11-18,2020-04-12,2023-12-31,TRUE,TRUE,TRUE
Mongolia,MNG,204,159,2020-01-01,2023-11-18,2020-12-20,2023-12-31,TRUE,TRUE,TRUE
Montenegro,MNE,204,192,2020-01-01,2023-11-18,2020-05-03,2023-12-31,TRUE,TRUE,TRUE
Montserrat,MSR,204,193,2020-01-01,2023-11-18,2020-04-26,2023-12-31,TRUE,TRUE,TRUE
Morocco,MAR,204,199,2020-01-01,2023-11-18,2020-03-15,2023-12-31,TRUE,TRUE,TRUE
Mozambique,MOZ,204,188,2020-01-01,2023-11-18,2020-05-31,2023-12-31,TRUE,TRUE,TRUE
Myanmar,MMR,204,196,2020-01-01,2023-11-18,2020-04-05,2023-12-31,TRUE,TRUE,TRUE
Namibia,NAM,204,182,2020-01-01,2023-11-18,2020-07-12,2023-12-31,TRUE,TRUE,TRUE
Nauru,NRU,204,79,2020-01-01,2023-11-18,2022-07-03,2023-12-31,TRUE,TRUE,TRUE
Nepal,NPL,204,190,2020-01-01,2023-11-18,2020-05-17,2023-12-31,TRUE,TRUE,TRUE
Netherlands,NLD,204,200,2020-01-01,2023-11-18,2020-03-08,2023-12-31,TRUE,TRUE,TRUE
New Caledonia,NCL,204,121,2020-01-01,2023-11-18,2021-09-12,2023-12-31,TRUE,TRUE,TRUE
New Zealand,NZL,204,197,2020-01-01,2023-11-18,2020-03-29,2023-12-31,TRUE,TRUE,TRUE
Nicaragua,NIC,204,197,2020-01-01,2023-11-18,2020-03-29,2023-12-31,TRUE,TRUE,TRUE
Niger,NER,204,196,2020-01-01,2023-11-18,2020-04-05,2023-12-31,TRUE,TRUE,TRUE
Nigeria,NGA,204,197,2020-01-01,2023-11-18,2020-03-29,2023-12-31,TRUE,TRUE,TRUE
Niue,NIU,204,0,2020-01-01,2023-11-18,NA,NA,TRUE,FALSE,FALSE
North Macedonia,MKD,204,198,2020-01-01,2023-11-18,2020-03-22,2023-12-31,TRUE,TRUE,TRUE
Northern Mariana Islands,MNP,204,196,2020-01-01,2023-11-18,2020-04-05,2023-12-31,TRUE,TRUE,TRUE
Norway,NOR,204,199,2020-01-01,2023-11-18,2020-03-15,2023-12-31,TRUE,TRUE,TRUE
Oman,OMN,204,196,2020-01-01,2023-11-18,2020-04-05,2023-12-31,TRUE,TRUE,TRUE
Pakistan,PAK,204,198,2020-01-01,2023-11-18,2020-03-22,2023-12-31,TRUE,TRUE,TRUE
Palau,PLW,204,99,2020-01-01,2023-11-18,2022-02-13,2023-12-31,TRUE,TRUE,TRUE
Palestine,PSE,204,197,2020-01-01,2023-11-18,2020-03-29,2023-12-31,TRUE,TRUE,TRUE
Panama,PAN,204,199,2020-01-01,2023-11-18,2020-03-15,2023-12-31,TRUE,TRUE,TRUE
Papua New Guinea,PNG,204,179,2020-01-01,2023-11-18,2020-08-02,2023-12-31,TRUE,TRUE,TRUE
Paraguay,PRY,204,198,2020-01-01,2023-11-18,2020-03-22,2023-12-31,TRUE,TRUE,TRUE
Peru,PER,204,200,2020-01-01,2023-11-18,2020-03-08,2023-12-31,TRUE,TRUE,TRUE
Philippines,PHL,204,205,2020-01-01,2023-11-18,2020-02-02,2023-12-31,TRUE,TRUE,TRUE
Pitcairn,PCN,204,0,2020-01-01,2023-11-18,NA,NA,TRUE,FALSE,FALSE
Poland,POL,204,199,2020-01-01,2023-11-18,2020-03-15,2023-12-31,TRUE,TRUE,TRUE
Portugal,PRT,204,198,2020-01-01,2023-11-18,2020-03-22,2023-12-31,TRUE,TRUE,TRUE
Puerto Rico,PRI,204,198,2020-01-01,2023-11-18,2020-03-22,2023-12-31,TRUE,TRUE,TRUE
Qatar,QAT,204,196,2020-01-01,2023-11-18,2020-04-05,2023-12-31,TRUE,TRUE,TRUE
Reunion,REU,204,189,2020-01-01,2023-11-18,2020-05-24,2023-12-31,TRUE,TRUE,TRUE
Romania,ROU,204,197,2020-01-01,2023-11-18,2020-03-29,2023-12-31,TRUE,TRUE,TRUE
Russia,RUS,204,197,2020-01-01,2023-11-18,2020-03-29,2023-12-31,TRUE,TRUE,TRUE
Rwanda,RWA,204,188,2020-01-01,2023-11-18,2020-05-31,2023-12-31,TRUE,TRUE,TRUE
Saint Barthelemy,BLM,0,147,NA,NA,2021-03-14,2023-12-31,FALSE,TRUE,FALSE
Saint Helena,SHN,204,0,2020-01-01,2023-11-18,NA,NA,TRUE,FALSE,FALSE
Saint Kitts and Nevis,KNA,204,133,2020-01-01,2023-11-18,2021-06-20,2023-12-31,TRUE,TRUE,TRUE
Saint Lucia,LCA,204,164,2020-01-01,2023-11-18,2020-11-15,2023-12-31,TRUE,TRUE,TRUE
Saint Martin (French part),MAF,204,196,2020-01-01,2023-11-18,2020-04-05,2023-12-31,TRUE,TRUE,TRUE
Saint Pierre and Miquelon,SPM,204,100,2020-01-01,2023-11-18,2022-02-06,2023-12-31,TRUE,TRUE,TRUE
Saint Vincent and the Grenadines,VCT,204,155,2020-01-01,2023-11-18,2021-01-17,2023-12-31,TRUE,TRUE,TRUE
Samoa,WSM,204,92,2020-01-01,2023-11-18,2022-04-03,2023-12-31,TRUE,TRUE,TRUE
San Marino,SMR,204,200,2020-01-01,2023-11-18,2020-03-08,2023-12-31,TRUE,TRUE,TRUE
Sao Tome and Principe,STP,204,192,2020-01-01,2023-11-18,2020-05-03,2023-12-31,TRUE,TRUE,TRUE
Saudi Arabia,SAU,204,197,2020-01-01,2023-11-18,2020-03-29,2023-12-31,TRUE,TRUE,TRUE
Senegal,SEN,204,182,2020-01-01,2023-11-18,2020-07-12,2023-12-31,TRUE,TRUE,TRUE
Serbia,SRB,204,198,2020-01-01,2023-11-18,2020-03-22,2023-12-31,TRUE,TRUE,TRUE
Seychelles,SYC,204,156,2020-01-01,2023-11-18,2021-01-10,2023-12-31,TRUE,TRUE,TRUE
Sierra Leone,SLE,204,193,2020-01-01,2023-11-18,2020-04-26,2023-12-31,TRUE,TRUE,TRUE
Singapore,SGP,204,198,2020-01-01,2023-11-18,2020-03-22,2023-12-31,TRUE,TRUE,TRUE
Sint Maarten (Dutch part),SXM,204,196,2020-01-01,2023-11-18,2020-04-05,2023-12-31,TRUE,TRUE,TRUE
Slovakia,SVK,204,196,2020-01-01,2023-11-18,2020-04-05,2023-12-31,TRUE,TRUE,TRUE
Slovenia,SVN,204,199,2020-01-01,2023-11-18,2020-03-15,2023-12-31,TRUE,TRUE,TRUE
Solomon Islands,SLB,204,101,2020-01-01,2023-11-18,2022-01-30,2023-12-31,TRUE,TRUE,TRUE
Somalia,SOM,204,195,2020-01-01,2023-11-18,2020-04-12,2023-12-31,TRUE,TRUE,TRUE
South Africa,ZAF,204,197,2020-01-01,2023-11-18,2020-03-29,2023-12-31,TRUE,TRUE,TRUE
South Korea,KOR,204,202,2020-01-01,2023-11-18,2020-02-23,2023-12-31,TRUE,TRUE,TRUE
South Sudan,SSD,204,190,2020-01-01,2023-11-18,2020-05-17,2023-12-31,TRUE,TRUE,TRUE
Spain,ESP,204,203,2020-01-01,2023-11-18,2020-02-16,2023-12-31,TRUE,TRUE,TRUE
Sri Lanka,LKA,204,197,2020-01-01,2023-11-18,2020-03-29,2023-12-31,TRUE,TRUE,TRUE
Sudan,SDN,204,199,2020-01-01,2023-11-18,2020-03-15,2023-12-31,TRUE,TRUE,TRUE
Suriname,SUR,204,195,2020-01-01,2023-11-18,2020-04-12,2023-12-31,TRUE,TRUE,TRUE
Sweden,SWE,204,199,2020-01-01,2023-11-18,2020-03-15,2023-12-31,TRUE,TRUE,TRUE
Switzerland,CHE,204,200,2020-01-01,2023-11-18,2020-03-08,2023-12-31,TRUE,TRUE,TRUE
Syria,SYR,204,196,2020-01-01,2023-11-18,2020-04-05,2023-12-31,TRUE,TRUE,TRUE
Taiwan,TWN,204,0,2020-01-01,2023-11-18,NA,NA,TRUE,FALSE,FALSE
Tajikistan,TJK,204,192,2020-01-01,2023-11-18,2020-05-03,2023-12-31,TRUE,TRUE,TRUE
Tanzania,TZA,204,196,2020-01-01,2023-11-18,2020-04-05,2023-12-31,TRUE,TRUE,TRUE
Thailand,THA,204,200,2020-01-01,2023-11-18,2020-03-01,2023-12-31,TRUE,TRUE,TRUE
Togo,TGO,204,197,2020-01-01,2023-11-18,2020-03-29,2023-12-31,TRUE,TRUE,TRUE
Tokelau,TKL,204,0,2020-01-01,2023-11-18,NA,NA,TRUE,FALSE,FALSE
Tonga,TON,204,95,2020-01-01,2023-11-18,2022-03-13,2023-12-31,TRUE,TRUE,TRUE
Trinidad and Tobago,TTO,204,197,2020-01-01,2023-11-18,2020-03-29,2023-12-31,TRUE,TRUE,TRUE
Tunisia,TUN,204,198,2020-01-01,2023-11-18,2020-03-22,2023-12-31,TRUE,TRUE,TRUE
Turkey,TUR,204,198,2020-01-01,2023-11-18,2020-03-22,2023-12-31,TRUE,TRUE,TRUE
Turkmenistan,TKM,204,0,2020-01-01,2023-11-18,NA,NA,TRUE,FALSE,FALSE
Turks and Caicos Islands,TCA,204,195,2020-01-01,2023-11-18,2020-04-12,2023-12-31,TRUE,TRUE,TRUE
Tuvalu,TUV,204,29,2020-01-01,2023-11-18,2023-06-18,2023-12-31,TRUE,TRUE,TRUE
Uganda,UGA,204,180,2020-01-01,2023-11-18,2020-07-26,2023-12-31,TRUE,TRUE,TRUE
Ukraine,UKR,204,199,2020-01-01,2023-11-18,2020-03-15,2023-12-31,TRUE,TRUE,TRUE
United Arab Emirates,ARE,204,198,2020-01-01,2023-11-18,2020-03-22,2023-12-31,TRUE,TRUE,TRUE
United Kingdom,GBR,204,205,2020-01-01,2023-11-18,2020-02-02,2023-12-31,TRUE,TRUE,TRUE
United States,USA,204,201,2020-01-01,2023-11-18,2020-03-01,2023-12-31,TRUE,TRUE,TRUE
United States Virgin Islands,VIR,204,195,2020-01-01,2023-11-18,2020-04-12,2023-12-31,TRUE,TRUE,TRUE
Uruguay,URY,204,196,2020-01-01,2023-11-18,2020-04-05,2023-12-31,TRUE,TRUE,TRUE
Uzbekistan,UZB,204,145,2020-01-01,2023-11-18,2021-03-28,2023-12-31,TRUE,TRUE,TRUE
Vanuatu,VUT,204,92,2020-01-01,2023-11-18,2022-04-03,2023-12-31,TRUE,TRUE,TRUE
Vatican,VAT,204,0,2020-01-01,2023-11-18,NA,NA,TRUE,FALSE,FALSE
Venezuela,VEN,204,197,2020-01-01,2023-11-18,2020-03-29,2023-12-31,TRUE,TRUE,TRUE
Vietnam,VNM,204,179,2020-01-01,2023-11-18,2020-08-02,2023-12-31,TRUE,TRUE,TRUE
Wallis and Futuna,WLF,204,136,2020-01-01,2023-11-18,2021-05-30,2023-12-31,TRUE,TRUE,TRUE
Western Sahara,ESH,204,0,2020-01-01,2023-11-18,NA,NA,TRUE,FALSE,FALSE
Yemen,YEM,204,192,2020-01-01,2023-11-18,2020-05-03,2023-12-31,TRUE,TRUE,TRUE
Zambia,ZMB,204,196,2020-01-01,2023-11-18,2020-04-05,2023-12-31,TRUE,TRUE,TRUE
Zimbabwe,ZWE,204,200,2020-01-01,2023-11-18,2020-03-08,2023-12-31,TRUE,TRUE,TRUE
